,flux_list,wavelength,z,ra,dec,objid,coordinate
0,[12.054903 10.598448  8.950343 ... 19.583443 16.641216 19.48523 ],[3818.5623 3819.4429 3820.3215 ... 9189.672  9191.785  9193.905 ],0.05617154,252.038538691347,25.7556300702099,1237662474772152643,16h48m09.2496s +25d45m20.2608s
1,"[array([12.054903, 10.598448,  8.950343, ..., 19.583443, 16.641216,
       19.48523 ], dtype=float32)]","[array([3818.5623, 3819.4429, 3820.3215, ..., 9189.672 , 9191.785 ,
       9193.905 ], dtype=float32)]",0.05617154,252.038538691347,25.7556300702099,1237662474772152643,16h48m09.2496s +25d45m20.2608s
2,"[array([ 8.265063,  8.182387,  9.816896, ..., 44.387657, 49.885967,
       45.586597], dtype=float32)]","[array([3797.519 , 3798.3948, 3799.2686, ..., 9185.439 , 9187.558 ,
       9189.672 ], dtype=float32)]",0.04628493,252.041446417361,24.0634072489912,1237661465457263136,16h48m09.948s +24d03m48.2508s
3,"[array([ 3.5699797,  3.908457 ,  6.169402 , ..., 20.129265 , 21.14476  ,
       24.465479 ], dtype=float32)]","[array([3808.9043, 3809.7805, 3810.659 , ..., 9179.099 , 9181.21  ,
       9183.327 ], dtype=float32)]",0.0939068,252.041674446384,30.3741738678129,1237659161743917071,16h48m10.0032s +30d22m27.0012s
4,"[array([14.964477 ,  3.787437 ,  1.8535707, ..., 14.209083 , 12.637042 ,
       15.743229 ], dtype=float32)]","[array([3810.659 , 3811.5356, 3812.4126, ..., 9176.982 , 9179.099 ,
       9181.21  ], dtype=float32)]",0.08134902,252.043422198438,29.5968194965927,1237659161207308305,16h48m10.4256s +29d35m48.498s
5,"[array([ 2.481234 ,  2.0956197,  1.7097887, ..., 31.31927  , 31.8132   ,
       31.2144   ], dtype=float32)]","[array([3794.8972, 3795.7703, 3796.6455, ..., 9193.905 , 9196.0205,
       9198.141 ], dtype=float32)]",-4.209533e-05,252.04448927494,21.4178239164169,1237662667502125597,16h48m10.6776s +21d25m04.1844s
6,"[array([ 6.3718214,  4.917547 ,  3.4625428, ..., 11.091526 , 11.768244 ,
       11.679746 ], dtype=float32)]","[array([3794.8972, 3795.7703, 3796.6455, ..., 9191.785 , 9193.905 ,
       9196.0205], dtype=float32)]",0.09514754,252.044582021744,20.8832518367553,1237662666965451048,16h48m10.7016s +20d52m59.718s
7,"[array([10.910898 , 14.057299 , 10.403538 , ...,  7.1407466,  9.503276 ,
        8.919852 ], dtype=float32)]","[array([3829.1296, 3830.0105, 3830.8938, ..., 9240.595 , 9242.726 ,
       9244.852 ], dtype=float32)]",0.07929219,252.048174393017,28.5758956698553,1237662303523897350,16h48m11.5584s +28d34m33.2508s
8,"[array([ 5.9161415 ,  0.89536685,  0.20378979, ..., 19.167856  ,
       19.570242  , 17.81406   ], dtype=float32)]","[array([3806.2727, 3807.1504, 3808.0261, ..., 9210.8545, 9212.979 ,
       9215.098 ], dtype=float32)]",0.047116,252.048231538291,24.1384786192175,1237661465457263043,16h48m11.5752s +24d08m18.5388s
9,"[array([-1.7386144 ,  0.8429804 ,  0.79179394, ...,  7.7164927 ,
        9.203816  ,  9.336408  ], dtype=float32)]","[array([3798.3948, 3799.2686, 3800.1426, ..., 9189.672 , 9191.785 ,
       9193.905 ], dtype=float32)]",6.88392e-05,252.048862441576,21.5193491613704,1237662667502125628,16h48m11.7264s +21d31m09.6276s
10,"[array([ 7.016475 ,  6.739768 ,  7.4061756, ...,  9.268086 , 11.954805 ,
        9.707626 ], dtype=float32)]","[array([3799.2686, 3800.1426, 3801.0188, ..., 9181.21  , 9183.327 ,
       9185.439 ], dtype=float32)]",0.0687599,252.050116882961,33.2749815469384,1237659324958834788,16h48m12.024s +33d16m29.9424s
11,"[array([ 29.625084,  29.077513,  27.062819, ..., 110.68316 , 114.343864,
       118.56829 ], dtype=float32)]","[array([3796.6455, 3797.519 , 3798.3948, ..., 9185.439 , 9187.558 ,
       9189.672 ], dtype=float32)]",0.04823364,252.050186908576,24.1521469067574,1237661465457262609,16h48m12.0456s +24d09m07.7436s
12,"[array([ 7.365657 ,  4.8884487,  3.0118372, ..., 21.334402 , 19.230768 ,
       20.851355 ], dtype=float32)]","[array([3822.963 , 3823.8423, 3824.724 , ..., 9187.558 , 9189.672 ,
       9191.785 ], dtype=float32)]",0.0488063,182.957257337405,1.7164336908759,1237651752937849012,12h11m49.7424s +1d42m59.2175s
13,"[array([ 0.28097183,  1.6385843 ,  3.7344139 , ..., 12.238987  ,
       12.375908  , 13.067683  ], dtype=float32)]","[array([3812.4126, 3813.2917, 3814.169 , ..., 9208.736 , 9210.8545,
       9212.979 ], dtype=float32)]",0.09722579,182.957909392789,30.5632417296327,1237667212139298890,12h11m49.8984s +30d33m47.7072s
14,"[array([17.42382 , 17.314594, 17.938177, ..., 16.803596, 18.374804,
       17.553207], dtype=float32)]","[array([3820.3215, 3821.2024, 3822.0815, ..., 9210.8545, 9212.979 ,
       9215.098 ], dtype=float32)]",0.05280716,182.957911111511,32.9854411671835,1237665330925338747,12h11m49.9008s +32d59m07.584s
15,"[array([6.761857 , 7.8494706, 5.822336 , ..., 5.094382 , 6.344642 ,
       7.4060774], dtype=float32)]","[array([3823.8423, 3824.724 , 3825.604 , ..., 9198.141 , 9200.257 ,
       9202.379 ], dtype=float32)]",0.07485531,182.958048146963,2.67460626995621,1237651754011590907,12h11m49.9368s +2d40m28.5917s
16,"[array([4.963763  , 6.772967  , 0.4985401 , ..., 2.1533618 , 0.82396895,
       2.20129   ], dtype=float32)]","[array([3806.2727, 3807.1504, 3808.0261, ..., 9204.495 , 9206.613 ,
       9208.736 ], dtype=float32)]",0.008044519,182.957894597917,17.6766926540059,1237668590259077193,12h11m49.9488s +17d40m35.5188s
17,"[array([58.450928, 61.92288 , 65.75822 , ..., 24.052744, 23.879208,
       21.505808], dtype=float32)]","[array([3802.77  , 3803.6448, 3804.522 , ..., 9210.8545, 9212.979 ,
       9215.098 ], dtype=float32)]",0.000278596,182.958564413174,7.67588377000383,1237661971721551912,12h11m50.0568s +7d40m33.1763s
18,"[array([15.949153, 17.861853, 17.133297, ..., 18.948824, 13.712738,
       16.104906], dtype=float32)]","[array([3806.2727, 3807.1504, 3808.0261, ..., 9210.8545, 9212.979 ,
       9215.098 ], dtype=float32)]",0.07872234,182.958711646125,1.19867829488967,1237648722842615988,12h11m50.0904s +1d11m55.252s
19,"[array([ 8.543103 ,  5.864079 , -0.6909434, ..., 16.229073 , 18.214796 ,
       13.877218 ], dtype=float32)]","[array([3805.3972, 3806.2727, 3807.1504, ..., 9189.672 , 9191.785 ,
       9193.905 ], dtype=float32)]",0.07613385,182.958784673112,4.17441429625181,1237655124471709711,12h11m50.1096s +4d10m27.8663s
20,"[array([10.329118 ,  8.3180685,  7.3246217, ..., 31.824688 , 30.953936 ,
       29.638699 ], dtype=float32)]","[array([3813.2917, 3814.169 , 3815.0483, ..., 9208.736 , 9210.8545,
       9212.979 ], dtype=float32)]",0.0573666,182.959203608404,30.3667773589457,1237667254551904379,12h11m50.2104s +30d22m00.4368s
21,"[array([ 7.3525834, 13.4879675, 14.167558 , ...,  5.863872 ,  5.9551997,
        6.811053 ], dtype=float32)]","[array([3824.724 , 3825.604 , 3826.4841, ..., 9179.099 , 9181.21  ,
       9183.327 ], dtype=float32)]",0.04840492,182.959424419267,11.9747701588242,1237661949179985945,12h11m50.2632s +11d58m29.2008s
22,"[array([64.69267  , 66.80454  , 68.91591  , ...,  7.130256 ,  3.1936078,
        6.8557467], dtype=float32)]","[array([3792.2773, 3793.15  , 3794.0225, ..., 9187.558 , 9189.672 ,
       9191.785 ], dtype=float32)]",0.0007534519,182.959464662505,14.6211784987992,1237661069262323810,12h11m50.2728s +14d37m16.2588s
23,"[array([ 7.659395,  6.861766,  7.026875, ..., 20.507898, 21.791616,
       24.004274], dtype=float32)]","[array([3796.6455, 3797.519 , 3798.3948, ..., 9185.439 , 9187.558 ,
       9189.672 ], dtype=float32)]",0.09434564,182.959541742815,13.6806102637648,1237661951327469664,12h11m50.292s +13d40m50.1888s
24,"[array([ 0.19591184,  4.8429265 ,  7.8997774 , ..., 10.9900255 ,
       10.906777  ,  9.742569  ], dtype=float32)]","[array([3799.2686, 3800.1426, 3801.0188, ..., 9176.982 , 9179.099 ,
       9181.21  ], dtype=float32)]",0.0867811,182.960369279387,43.4917673095362,1237661968503210103,12h11m50.4888s +43d29m30.3504s
25,"[array([ 9.86832 , 16.85745 , 13.351053, ..., 36.440395, 36.523197,
       35.499805], dtype=float32)]","[array([3800.1426, 3801.0188, 3801.8933, ..., 9185.439 , 9187.558 ,
       9189.672 ], dtype=float32)]",0.04395287,182.960538314756,61.8267479311144,1237658609830854782,12h11m50.532s +61d49m36.2172s
26,"[array([ 5.950338 ,  8.122274 ,  5.7201705, ..., 17.945663 , 13.295481 ,
       13.241895 ], dtype=float32)]","[array([3810.659 , 3811.5356, 3812.4126, ..., 9183.327 , 9185.439 ,
       9187.558 ], dtype=float32)]",0.05994349,182.960592591771,61.5955166809663,1237658609830789247,12h11m50.5584s +61d35m43.7784s
27,"[array([ 6.343056 ,  3.321266 , -3.5237324, ...,  6.921904 ,  7.0314465,
        4.6933436], dtype=float32)]","[array([3808.9043, 3809.7805, 3810.659 , ..., 9210.8545, 9212.979 ,
       9215.098 ], dtype=float32)]",0.06220594,182.960951700299,52.4976478124518,1237657629528686742,12h11m50.6328s +52d29m51.4968s
28,"[array([16.441017,  9.681183, 10.990482, ..., 45.584473, 48.23813 ,
       48.885662], dtype=float32)]","[array([3805.3972, 3806.2727, 3807.1504, ..., 9198.141 , 9200.257 ,
       9202.379 ], dtype=float32)]",0.07372925,182.96134908976,31.3627731723432,1237665328777855068,12h11m50.7216s +31d21m46.0368s
29,"[array([ 8.228711 ,  0.2951266, -3.7023978, ...,  8.478052 ,  9.801722 ,
       10.804991 ], dtype=float32)]","[array([3815.0483, 3815.926 , 3816.806 , ..., 9200.257 , 9202.379 ,
       9204.495 ], dtype=float32)]",0.07357999,182.961386510798,61.8489270465481,1237658609830854799,12h11m50.7336s +61d50m56.13s
30,"[array([ 2.3109663, -2.796768 ,  7.0572567, ...,  5.156897 ,  8.571901 ,
        6.2079935], dtype=float32)]","[array([3789.6572, 3790.531 , 3791.403 , ..., 9191.785 , 9193.905 ,
       9196.0205], dtype=float32)]",0.08442014,182.961422103553,12.8196234317264,1237661950253727835,12h11m50.7432s +12d49m10.668s
31,"[array([12.3133955,  3.2087257,  8.121833 , ...,  9.360078 ,  8.857031 ,
       10.651395 ], dtype=float32)]","[array([3815.0483, 3815.926 , 3816.806 , ..., 9202.379 , 9204.495 ,
       9206.613 ], dtype=float32)]",0.02136502,182.511831117026,38.7612827906957,1237662223529803794,12h10m02.8392s +38d45m40.6152s
32,"[array([ 2.6001697,  1.7801505,  3.663981 , ..., 13.306825 , 16.022743 ,
       18.493793 ], dtype=float32)]","[array([3815.926, 3816.806, 3817.684, ..., 9200.257, 9202.379, 9204.495],
      dtype=float32)]",0.07651329,182.512082120958,5.27443037779257,1237654605872365790,12h10m02.9016s +5d16m27.9718s
33,"[array([ 0.37080696,  8.439896  ,  4.0590734 , ..., 35.83615   ,
       31.555548  , 25.94545   ], dtype=float32)]","[array([3814.169 , 3815.0483, 3815.926 , ..., 9210.8545, 9212.979 ,
       9215.098 ], dtype=float32)]",0.07998919,182.512382030057,5.39419571583805,1237654605872365794,12h10m02.9736s +5d23m39.1268s
34,"[array([ 2.3338153,  6.027922 ,  8.192554 , ..., 10.172702 , 11.317602 ,
        7.411235 ], dtype=float32)]","[array([3809.7805, 3810.659 , 3811.5356, ..., 9210.8545, 9212.979 ,
       9215.098 ], dtype=float32)]",0.08021583,182.512471616962,27.5938580655141,1237667323256045642,12h10m02.9976s +27d35m37.9104s
35,"[array([ 2.2052238,  5.9389963,  5.0724225, ..., 15.475075 , 17.575705 ,
       17.889538 ], dtype=float32)]","[array([3821.2024, 3822.0815, 3822.963 , ..., 9187.558 , 9189.672 ,
       9191.785 ], dtype=float32)]",0.07728129,182.512876194143,3.98821953330394,1237654604261753038,12h10m03.0936s +3d59m17.6086s
36,"[array([ 6.761548 , -0.9310135,  3.9426367, ...,  3.9914415,  4.824017 ,
        3.6690416], dtype=float32)]","[array([3807.1504, 3808.0261, 3808.9043, ..., 9189.672 , 9191.785 ,
       9193.905 ], dtype=float32)]",0.02543523,182.513003718314,19.0816646444644,1237667914345611452,12h10m03.1248s +19d04m53.9832s
37,"[array([ 5.6455874,  4.018724 , -0.5143544, ..., 11.486281 , 10.017501 ,
       11.429028 ], dtype=float32)]","[array([3827.3665, 3828.2468, 3829.1296, ..., 9204.495 , 9206.613 ,
       9208.736 ], dtype=float32)]",0.07984772,182.513039957458,14.9791855128507,1237664290464268379,12h10m03.132s +14d58m45.0768s
38,"[array([ 7.2545047,  5.055364 , 10.490685 , ..., 12.500661 , 10.191806 ,
        9.719652 ], dtype=float32)]","[array([3800.1426, 3801.0188, 3801.8933, ..., 9185.439 , 9187.558 ,
       9189.672 ], dtype=float32)]",0.05525933,182.513443118783,57.1270469446105,1237661352706703464,12h10m03.2184s +57d07m37.3188s
39,"[array([15.635579 ,  7.106629 , 15.228395 , ...,  8.335485 ,  4.9149013,
        8.0636425], dtype=float32)]","[array([3800.1426, 3801.0188, 3801.8933, ..., 9206.613 , 9208.736 ,
       9210.8545], dtype=float32)]",0.05099508,182.513507056837,45.6646194331937,1237661852005498993,12h10m03.2424s +45d39m52.6428s
40,"[array([21.638742 ,  8.037723 ,  2.8927543, ...,  3.9331043,  2.482002 ,
        4.3224816], dtype=float32)]","[array([3794.0225, 3794.8972, 3795.7703, ..., 9181.21  , 9183.327 ,
       9185.439 ], dtype=float32)]",0.008571198,182.513622272878,11.7135677228017,1237661811736903792,12h10m03.2712s +11d42m48.8628s
41,"[array([ 7.9184136, 11.507823 ,  1.1761477, ..., 20.548485 , 20.394112 ,
       21.147436 ], dtype=float32)]","[array([3806.2727, 3807.1504, 3808.0261, ..., 9193.905 , 9196.0205,
       9198.141 ], dtype=float32)]",0.09001404,182.51406303633,29.4046669825594,1237667253477966064,12h10m03.3744s +29d24m16.8084s
42,"[array([ 9.189001 ,  5.95259  ,  5.0369573, ..., 13.654344 , 14.266118 ,
       13.998737 ], dtype=float32)]","[array([3815.0483, 3815.926 , 3816.806 , ..., 9210.8545, 9212.979 ,
       9215.098 ], dtype=float32)]",0.07721201,182.514537001183,25.8911757676682,1237667912739717250,12h10m03.4872s +25d53m28.2804s
43,"[array([37.44832 , 34.102627, 37.790012, ..., 17.471941, 18.640394,
       20.493425], dtype=float32)]","[array([3815.926, 3816.806, 3817.684, ..., 9200.257, 9202.379, 9204.495],
      dtype=float32)]",6.761467e-05,182.514791601184,38.9467099564346,1237664667370979381,12h10m03.552s +38d56m48.1776s
44,"[array([10.024463, 10.598568, 12.10668 , ..., 31.807957, 29.637184,
       30.209246], dtype=float32)]","[array([3810.659 , 3811.5356, 3812.4126, ..., 9187.558 , 9189.672 ,
       9191.785 ], dtype=float32)]",0.07799099,182.515084386795,31.9387843037721,1237665226230792289,12h10m03.6216s +31d56m19.5972s
45,"[array([19.141598, 14.249904,  9.164046, ...,  9.993147, 13.480765,
       13.297847], dtype=float32)]","[array([3815.926, 3816.806, 3817.684, ..., 9187.558, 9189.672, 9191.785],
      dtype=float32)]",0.06437057,182.516477857978,26.2333018897998,1237667448876367999,12h10m03.948s +26d13m59.8152s
46,"[array([ 3.333641  , -0.34724793,  3.024506  , ...,  1.5485888 ,
       -0.571285  , -0.0824632 ], dtype=float32)]","[array([3801.0188, 3801.8933, 3802.77  , ..., 9210.8545, 9212.979 ,
       9215.098 ], dtype=float32)]",0.008175387,182.516023869502,68.6947274479374,1237651540322484574,12h10m03.9888s +68d41m41.9928s
47,"[array([15.844183, 18.465122, 22.39129 , ..., 60.5719  , 59.525158,
       60.91254 ], dtype=float32)]","[array([3809.7805, 3810.659 , 3811.5356, ..., 9187.558 , 9189.672 ,
       9191.785 ], dtype=float32)]",0.06011708,182.51690841875,32.0208929427838,1237665226230792294,12h10m04.0608s +32d01m15.2004s
48,"[array([ 4.497455 ,  4.6823115,  4.867068 , ..., 15.72462  , 14.056904 ,
       15.884988 ], dtype=float32)]","[array([3793.15  , 3794.0225, 3794.8972, ..., 9196.0205, 9198.141 ,
       9200.257 ], dtype=float32)]",0.08206704,0.0077256892461719,0.719258321178257,1237657191978959105,0h00m01.8571s +0d43m09.3521s
49,"[array([ 8.366369  ,  7.065663  ,  0.87778056, ..., 12.959914  ,
       10.660882  , 11.702874  ], dtype=float32)]","[array([3802.77  , 3803.6448, 3804.522 , ..., 9210.8545, 9212.979 ,
       9215.098 ], dtype=float32)]",0.08340041,0.0083321956525424,15.6971800894331,1237652944249094158,0h00m01.9989s +15d41m49.8516s
50,"[array([140.26851 , 141.87476 , 107.637024, ...,  39.708427,  38.002953,
        37.28859 ], dtype=float32)]","[array([3803.6448, 3804.522 , 3805.3972, ..., 9210.8545, 9212.979 ,
       9215.098 ], dtype=float32)]",0.02001684,0.00874500430393255,15.8817127150583,1237656496724312079,0h00m02.1021s +15d52m54.3216s
51,"[array([11.032685 ,  9.713744 ,  7.576421 , ..., 11.4578495, 11.07075  ,
        9.712195 ], dtype=float32)]","[array([3800.1426, 3801.0188, 3801.8933, ..., 9193.905 , 9196.0205,
       9198.141 ], dtype=float32)]",0.06258312,0.0117603156513155,14.7155328428226,1237656495113699435,0h00m02.8229s +14d42m55.9728s
52,"[array([-0.10365353,  0.02655796, -0.48358226, ...,  5.108934  ,
        3.5411398 ,  2.6858692 ], dtype=float32)]","[array([3803.6448, 3804.522 , 3805.3972, ..., 9206.613 , 9208.736 ,
       9210.8545], dtype=float32)]",9.909705e-05,0.0160744888167983,14.9975970529022,1237656495650570722,0h00m03.8554s +14d59m51.342s
53,"[array([ 7.5075293,  4.866735 , 12.454301 , ..., 25.448925 , 30.636454 ,
       25.68981  ], dtype=float32)]","[array([3794.8972, 3795.7703, 3796.6455, ..., 9202.379 , 9204.495 ,
       9206.613 ], dtype=float32)]",0.08038615,0.0197541764444509,0.781715474197286,1237657191978959126,0h00m04.75s +0d46m54.1239s
54,"[array([10.728639,  9.154855,  9.633411, ..., 23.451994, 22.908154,
       20.76805 ], dtype=float32)]","[array([3794.8972, 3795.7703, 3796.6455, ..., 9202.379 , 9204.495 ,
       9206.613 ], dtype=float32)]",0.08151472,0.0296928130908327,0.857901070464727,1237663278464631000,0h00m07.1236s +0d51m28.3396s
55,"[array([-0.21401617,  8.884452  ,  5.5994534 , ...,  5.279685  ,
        4.50629   ,  5.063897  ], dtype=float32)]","[array([3800.1426, 3801.0188, 3801.8933, ..., 9193.905 , 9196.0205,
       9198.141 ], dtype=float32)]",0.09270928,0.0398299461332954,14.2433724596245,1237656494576828648,0h00m09.5552s +14d14m36.0744s
56,"[array([ 6.769158, 10.652557, 14.53382 , ..., 18.521454, 19.931168,
       22.943033], dtype=float32)]","[array([3793.15  , 3794.0225, 3794.8972, ..., 9196.0205, 9198.141 ,
       9200.257 ], dtype=float32)]",0.05408107,0.042155132756136,0.634297777734064,1237657191978959149,0h00m10.1221s +0d38m03.4128s
57,"[array([14.0271845, 16.939116 , 19.849403 , ..., 24.91402  , 27.817783 ,
       28.807858 ], dtype=float32)]","[array([3793.15  , 3794.0225, 3794.8972, ..., 9200.257 , 9202.379 ,
       9204.495 ], dtype=float32)]",0.02467319,0.0532704527682881,1.12021644093224,1237657192515829920,0h00m12.7961s +1d07m12.7013s
58,"[array([ 1.1817648,  2.5810513,  5.1592917, ..., 11.642922 , 10.162174 ,
       10.601827 ], dtype=float32)]","[array([3800.1426, 3801.0188, 3801.8933, ..., 9193.905 , 9196.0205,
       9198.141 ], dtype=float32)]",0.09149144,0.054978766953468,14.5917070636541,1237656495113699477,0h00m13.1947s +14d35m30.156s
59,"[array([-1.6548373,  3.7458737,  5.1092277, ..., 20.018587 , 18.75108  ,
       19.108711 ], dtype=float32)]","[array([3802.77  , 3803.6448, 3804.522 , ..., 9204.495 , 9206.613 ,
       9208.736 ], dtype=float32)]",0.09138043,0.0602105034683973,14.2116173687616,1237656494576828666,0h00m14.453s +14d12m41.8104s
60,"[array([2.3896894, 3.909788 , 5.4290457, ..., 8.422714 , 7.5637765,
       8.3463955], dtype=float32)]","[array([3793.15  , 3794.0225, 3794.8972, ..., 9196.0205, 9198.141 ,
       9200.257 ], dtype=float32)]",0.08175662,0.0614929526983019,0.674544997760104,1237657191978959170,0h00m14.7682s +0d40m28.3391s
61,"[array([ 7.360587 ,  9.021849 ,  9.629235 , ..., 11.095974 ,  7.2846537,
        9.613275 ], dtype=float32)]","[array([3800.1426, 3801.0188, 3801.8933, ..., 9193.905 , 9196.0205,
       9198.141 ], dtype=float32)]",0.09115254,0.0678143856663382,14.7331316109572,1237656495113699487,0h00m16.2737s +14d43m59.2932s
62,"[array([ 3.9882874,  4.7641   ,  5.659668 , ..., 12.155162 , 10.414274 ,
       11.263466 ], dtype=float32)]","[array([3830.8938, 3831.7751, 3832.6565, ..., 9187.558 , 9189.672 ,
       9191.785 ], dtype=float32)]",0.09449982,0.0828805410977225,14.3721009322982,1237652942638481612,0h00m19.8935s +14d22m19.5636s
63,"[array([4.912574 , 6.072892 , 1.8272768, ..., 6.617207 , 4.2176504,
       4.535115 ], dtype=float32)]","[array([3803.6448, 3804.522 , 3805.3972, ..., 9206.613 , 9208.736 ,
       9210.8545], dtype=float32)]",0.07862206,0.0835969084148473,13.833785096095,1237656494039957673,0h00m20.0607s +13d50m01.6476s
64,"[array([10.781054 ,  8.066237 ,  5.3516564, ..., 26.837685 , 28.503496 ,
       24.76112  ], dtype=float32)]","[array([3801.0188, 3801.8933, 3802.77  , ..., 9202.379 , 9204.495 ,
       9206.613 ], dtype=float32)]",0.09149819,0.0843100480652197,14.186093131427,1237656494576828689,0h00m20.2347s +14d11m09.9276s
65,"[array([5.0922723, 3.6924686, 2.2934284, ..., 6.5308056, 7.762443 ,
       8.957772 ], dtype=float32)]","[array([3793.15  , 3794.0225, 3794.8972, ..., 9196.0205, 9198.141 ,
       9200.257 ], dtype=float32)]",0.08521979,0.0872304752107311,0.215066767756688,1237666408442429593,0h00m20.9461s +0d12m54.3027s
66,"[array([11.635529, 12.25996 , 10.898484, ..., 14.39261 , 15.120373,
       14.76372 ], dtype=float32)]","[array([3803.6448, 3804.522 , 3805.3972, ..., 9204.495 , 9206.613 ,
       9208.736 ], dtype=float32)]",0.03720628,0.0952010733300312,16.1478956396702,1237652944785965203,0h00m22.8429s +16d08m52.4292s
67,"[array([ 7.186045 ,  3.0507662,  6.6814933, ..., 11.5081415,  9.515561 ,
       10.949484 ], dtype=float32)]","[array([3803.6448, 3804.522 , 3805.3972, ..., 9206.613 , 9208.736 ,
       9210.8545], dtype=float32)]",0.09068749,0.114468595271205,14.9624826226227,1237656495650570466,0h00m27.4731s +14d57m44.946s
68,"[array([-1.0460185 ,  0.58404016,  7.567133  , ..., 12.177526  ,
       10.553421  , 10.845634  ], dtype=float32)]","[array([3800.1426, 3801.0188, 3801.8933, ..., 9193.905 , 9196.0205,
       9198.141 ], dtype=float32)]",0.09260321,0.116959833891997,14.3812206569328,1237652942638481637,0h00m28.0713s +14d22m52.3992s
69,"[array([20.87134 , 26.149042, 23.21725 , ..., 10.146496, 11.12379 ,
        9.688059], dtype=float32)]","[array([3794.8972, 3795.7703, 3796.6455, ..., 9202.379 , 9204.495 ,
       9206.613 ], dtype=float32)]",0.08581323,0.119275799246452,0.868721332463246,1237663278464696356,0h00m28.6642s +0d52m08.2665s
70,"[array([ 7.8211126,  7.3881435,  1.8506547, ..., 25.671188 , 27.159027 ,
       27.53267  ], dtype=float32)]","[array([3819.4429, 3820.3215, 3821.2024, ..., 9210.8545, 9212.979 ,
       9215.098 ], dtype=float32)]",0.09511256,0.128948700094384,15.5859326312353,1237652944249094386,0h00m30.944s +15d35m09.3372s
71,"[array([6.710891 , 6.5325284, 1.7540824, ..., 5.9020476, 7.325965 ,
       5.3999104], dtype=float32)]","[array([3804.522 , 3805.3972, 3806.2727, ..., 9202.379 , 9204.495 ,
       9206.613 ], dtype=float32)]",0.09742952,0.132780923181713,16.1124089608131,1237652944785965231,0h00m31.8587s +16d06m44.6652s
72,"[array([-0.03545607,  2.8999667 ,  8.004611  , ...,  6.0333734 ,
        6.9693975 ,  4.564007  ], dtype=float32)]","[array([3830.0105, 3830.8938, 3831.7751, ..., 9187.558 , 9189.672 ,
       9191.785 ], dtype=float32)]",0.09104354,0.134989589806537,14.5818339173727,1237656495113699525,0h00m32.3968s +14d34m54.6168s
73,"[array([5.8317184, 3.7711651, 6.1135974, ..., 5.523137 , 4.1173673,
       3.7826245], dtype=float32)]","[array([3803.6448, 3804.522 , 3805.3972, ..., 9208.736 , 9210.8545,
       9212.979 ], dtype=float32)]",0.04219447,0.140720986147187,15.1839023948438,1237652943712223430,0h00m33.78s +15d11m02.13s
74,"[array([ 8.511319 ,  5.248494 ,  4.5252733, ..., 14.550747 , 13.949954 ,
       15.976571 ], dtype=float32)]","[array([3800.1426, 3801.0188, 3801.8933, ..., 9196.0205, 9198.141 ,
       9200.257 ], dtype=float32)]",0.0942137,0.142499636216314,14.6192187909483,1237656495113699540,0h00m34.2009s +14d37m09.2028s
75,"[array([12.846171, 18.588171, 15.891241, ..., 55.00373 , 51.059967,
       54.563057], dtype=float32)]","[array([3800.1426, 3801.0188, 3801.8933, ..., 9196.0205, 9198.141 ,
       9200.257 ], dtype=float32)]",0.09227177,0.166831004831351,14.5521508548268,1237656495113764871,0h00m40.043s +14d33m07.7364s
76,"[array([ 1.4661295 ,  7.245609  ,  0.97183543, ..., 21.631338  ,
       22.093798  , 23.456799  ], dtype=float32)]","[array([3800.1426, 3801.0188, 3801.8933, ..., 9196.0205, 9198.141 ,
       9200.257 ], dtype=float32)]",0.09406425,0.175687343302911,14.5064177375052,1237652942638481722,0h00m42.1642s +14d30m23.1228s
77,"[array([ 5.904004 ,  6.6938076,  3.401241 , ..., 14.5764   , 13.59129  ,
       14.92383  ], dtype=float32)]","[array([3800.1426, 3801.0188, 3801.8933, ..., 9196.0205, 9198.141 ,
       9200.257 ], dtype=float32)]",0.09423462,0.181441629858,14.5248645394427,1237652942638481727,0h00m43.5444s +14d31m29.5176s
78,"[array([14.088694, 10.786836,  7.486857, ..., 35.82515 , 33.067535,
       33.014355], dtype=float32)]","[array([3793.15  , 3794.0225, 3794.8972, ..., 9196.0205, 9198.141 ,
       9200.257 ], dtype=float32)]",0.06254611,0.183954705174926,0.67300202389809,1237657191979024546,0h00m44.1552s +0d40m22.7766s
79,"[array([ 7.818153 ,  2.058699 , -0.1284963, ...,  6.5771184,  5.659914 ,
        4.662302 ], dtype=float32)]","[array([3802.77  , 3803.6448, 3804.522 , ..., 9204.495 , 9206.613 ,
       9208.736 ], dtype=float32)]",0.04171728,0.18999596296652,14.0746632605693,1237652942101610706,0h00m45.5937s +14d04m28.758s
80,"[array([14.844483 , 14.660453 ,  5.7725677, ..., 13.946685 , 13.072996 ,
       13.702463 ], dtype=float32)]","[array([3800.1426, 3801.0188, 3801.8933, ..., 9196.0205, 9198.141 ,
       9200.257 ], dtype=float32)]",0.09169001,0.196165301811789,14.3129321062472,1237656494576894066,0h00m47.0818s +14d18m46.5372s
81,"[array([20.469316, 17.263836, 15.013177, ..., 49.804695, 53.77762 ,
       53.765846], dtype=float32)]","[array([3800.1426, 3801.0188, 3801.8933, ..., 9198.141 , 9200.257 ,
       9202.379 ], dtype=float32)]",0.0361846,0.199535393267183,14.2775367021539,1237656494576894062,0h00m47.8901s +14d16m39.1656s
82,"[array([11.238687, 13.338519,  3.627429, ..., 14.857555, 13.347817,
       15.308756], dtype=float32)]","[array([3800.1426, 3801.0188, 3801.8933, ..., 9196.0205, 9198.141 ,
       9200.257 ], dtype=float32)]",0.09551354,0.202338621110698,14.5524291415778,1237656495113765083,0h00m48.5644s +14d33m08.7336s
83,"[array([ 4.5914226,  6.6549015,  8.718149 , ..., 17.0176   , 14.621482 ,
       12.04925  ], dtype=float32)]","[array([3801.0188, 3801.8933, 3802.77  , ..., 9202.379 , 9204.495 ,
       9206.613 ], dtype=float32)]",0.09137416,0.203456718622647,14.0093016098139,1237652942101676156,0h00m48.8269s +14d00m33.5448s
84,"[array([  2.4590287,  -3.1265357, -12.189694 , ...,  13.7088585,
        12.167612 ,  14.742115 ], dtype=float32)]","[array([3800.1426, 3801.0188, 3801.8933, ..., 9196.0205, 9198.141 ,
       9200.257 ], dtype=float32)]",0.09423318,0.21214349590781,14.2361986974002,1237656494576893990,0h00m50.9169s +14d14m10.32s
85,"[array([-2.3320684,  3.63959  , -0.5574496, ..., 14.763501 , 15.30179  ,
       13.01595  ], dtype=float32)]","[array([3821.2024, 3822.0815, 3822.963 , ..., 9185.439 , 9187.558 ,
       9189.672 ], dtype=float32)]",0.09429388,0.212962845256811,14.2519400411947,1237656494576894082,0h00m51.1134s +14d15m06.9876s
86,"[array([ 7.753507 ,  4.644032 ,  7.347594 , ...,  9.815464 ,  8.033759 ,
       10.4604025], dtype=float32)]","[array([3818.5623, 3819.4429, 3820.3215, ..., 9210.8545, 9212.979 ,
       9215.098 ], dtype=float32)]",0.09703922,0.214185684580002,15.2508268478621,1237652943712288935,0h00m51.4025s +15d15m03.0384s
87,"[array([ 2.6217153,  6.1204586,  2.526527 , ..., 21.1532   , 19.959211 ,
       19.320263 ], dtype=float32)]","[array([3828.2468, 3829.1296, 3830.0105, ..., 9185.439 , 9187.558 ,
       9189.672 ], dtype=float32)]",0.09202123,0.220465148808444,14.4135279214724,1237652942638547078,0h00m52.9129s +14d24m48.7512s
88,"[array([14.70374 , 10.653372, 10.353495, ..., 28.64135 , 26.760788,
       25.792082], dtype=float32)]","[array([3804.522 , 3805.3972, 3806.2727, ..., 9206.613 , 9208.736 ,
       9210.8545], dtype=float32)]",0.09112887,0.224359858863579,13.8373136725967,1237656494040023185,0h00m53.8474s +13d50m14.3448s
89,"[array([16.658787, 20.96604 , 10.117643, ..., 16.119665, 16.232023,
       14.876575], dtype=float32)]","[array([3803.6448, 3804.522 , 3805.3972, ..., 9204.495 , 9206.613 ,
       9208.736 ], dtype=float32)]",0.04579797,0.228126297720678,15.2187272016625,1237652943712288939,0h00m54.7518s +15d13m07.4532s
90,"[array([ 2.341872,  0.957722, 10.019367, ..., 15.121933, 11.230163,
       12.050394], dtype=float32)]","[array([3809.7805, 3810.659 , 3811.5356, ..., 9208.736 , 9210.8545,
       9212.979 ], dtype=float32)]",0.07410323,0.232062736735429,14.0184297553388,1237652942101676166,0h00m55.6938s +14d01m06.4236s
91,"[array([ 5.454067 ,  5.338491 ,  3.0552673, ..., 31.713654 , 30.956928 ,
       26.8219   ], dtype=float32)]","[array([3794.8972, 3795.7703, 3796.6455, ..., 9193.905 , 9196.0205,
       9198.141 ], dtype=float32)]",0.0961045,0.235541685136297,0.762793786631483,1237657191979024590,0h00m56.5317s +0d45m46.0067s
92,"[array([ 7.639097 ,  5.2298136,  3.6492808, ..., 17.346325 , 16.800406 ,
       16.654362 ], dtype=float32)]","[array([3816.806 , 3817.684 , 3818.5623, ..., 9210.8545, 9212.979 ,
       9215.098 ], dtype=float32)]",0.0967738,0.239856624063918,15.2782563489551,1237652943712288948,0h00m57.5659s +15d16m41.7936s
93,"[array([1.6359608, 3.7769845, 2.207646 , ..., 6.400866 , 6.2585683,
       8.68729  ], dtype=float32)]","[array([3822.963 , 3823.8423, 3824.724 , ..., 9185.439 , 9187.558 ,
       9189.672 ], dtype=float32)]",0.09142509,0.241005716823622,14.1904168046248,1237656494576894171,0h00m57.8393s +14d11m25.494s
94,"[array([1.1179585, 5.83863  , 0.9330058, ..., 5.525436 , 3.9744608,
       4.810104 ], dtype=float32)]","[array([3800.1426, 3801.0188, 3801.8933, ..., 9196.0205, 9198.141 ,
       9200.257 ], dtype=float32)]",0.08946322,0.244303922598363,14.5446266841411,1237656495113765273,0h00m58.6345s +14d32m40.65s
95,"[array([ 1.3278849 , -0.53264487,  3.3850884 , ...,  5.4600854 ,
        5.6071525 ,  7.00721   ], dtype=float32)]","[array([3800.1426, 3801.0188, 3801.8933, ..., 9196.0205, 9198.141 ,
       9200.257 ], dtype=float32)]",0.08329216,0.256830107656299,14.8546445285181,1237652943175418115,0h01m01.6411s +14d51m16.7904s
96,"[array([15.472843, 13.327335, 15.416426, ..., 19.160265, 18.521437,
       15.951132], dtype=float32)]","[array([4694.616 , 4695.6963, 4696.7764, ..., 9191.785 , 9193.905 ,
       9196.0205], dtype=float32)]",0.08641656,0.262697736449809,1.26806432406779,1237678617417941087,0h01m03.0421s +1d16m04.9224s
97,"[array([8.978288 , 4.377983 , 6.3205576, ..., 2.3040152, 2.228877 ,
       2.6545777], dtype=float32)]","[array([3800.1426, 3801.0188, 3801.8933, ..., 9193.905 , 9196.0205,
       9198.141 ], dtype=float32)]",0.005717654,0.26498860622354,14.5801851057256,1237656495113765145,0h01m03.597s +14d34m48.6696s
98,"[array([ 5.167552,  9.316827,  2.766935, ..., 14.502712, 15.954622,
       16.393093], dtype=float32)]","[array([3796.6455, 3797.519 , 3798.3948, ..., 9191.785 , 9193.905 ,
       9196.0205], dtype=float32)]",0.08614497,0.277019808849104,1.06607083807302,1237657192515960968,0h01m06.4915s +1d03m57.6799s
99,"[array([ 6.648214,  8.555933, 10.809739, ..., 17.81803 , 19.31809 ,
       16.203236], dtype=float32)]","[array([3810.659 , 3811.5356, 3812.4126, ..., 9208.736 , 9210.8545,
       9212.979 ], dtype=float32)]",0.09334043,0.286209899844721,13.8571342853333,1237656494040023241,0h01m08.6887s +13d51m25.6896s
100,"[array([ 4.721044 ,  3.146698 ,  1.5724037, ..., 16.473488 , 17.207613 ,
       16.000444 ], dtype=float32)]","[array([3801.0188, 3801.8933, 3802.77  , ..., 9202.379 , 9204.495 ,
       9206.613 ], dtype=float32)]",0.09142111,0.287641307129093,14.5917625277116,1237656495113765179,0h01m09.0344s +14d35m30.3036s
101,"[array([8.4428425 , 3.2317147 , 0.81041884, ..., 7.9718256 , 6.3562436 ,
       8.698607  ], dtype=float32)]","[array([3796.6455, 3797.519 , 3798.3948, ..., 9189.672 , 9191.785 ,
       9193.905 ], dtype=float32)]",0.07848723,0.289227402609107,0.084482740856002,1237663784197488888,0h01m09.4392s +0d05m04.5686s
102,"[array([ 7.337864 , 18.173965 , 21.387405 , ..., 15.63924  ,  5.6099267,
       -4.4196215], dtype=float32)]","[array([ 3605.786 ,  3606.6172,  3607.447 , ..., 10384.841 , 10387.236 ,
       10389.631 ], dtype=float32)]",0.06831747,0.299376851438581,15.4785822662713,1237656496187506939,0h01m12.0002s +15d28m42.3192s
103,"[array([ 5.813752 , -2.3506815,  3.3293889, ..., 12.626551 , 11.443721 ,
       12.888595 ], dtype=float32)]","[array([3815.926 , 3816.806 , 3817.684 , ..., 9210.8545, 9212.979 ,
       9215.098 ], dtype=float32)]",0.09804911,0.30997108273715,15.1171516459579,1237656495650701418,0h01m14.3958s +15d07m01.7436s
104,"[array([0.1896132, 6.506163 , 2.1208436, ..., 7.942363 , 9.869031 ,
       6.7201505], dtype=float32)]","[array([3808.0261, 3808.9043, 3809.7805, ..., 9208.736 , 9210.8545,
       9212.979 ], dtype=float32)]",0.09483902,0.313204439264211,14.0023607068466,1237652942101676260,0h01m15.1699s +14d00m08.5968s
105,"[array([ 7.2188206,  8.363025 ,  8.400345 , ..., 10.553195 , 11.769453 ,
       11.134639 ], dtype=float32)]","[array([3800.1426, 3801.0188, 3801.8933, ..., 9200.257 , 9202.379 ,
       9204.495 ], dtype=float32)]",0.09646401,0.315077750192472,14.6666655107245,1237656495113765188,0h01m15.6187s +14d39m59.9796s
106,"[array([ 6.9659677,  8.425693 ,  5.993495 , ..., 12.226355 , 12.919644 ,
       13.001859 ], dtype=float32)]","[array([3812.4126, 3813.2917, 3814.169 , ..., 9200.257 , 9202.379 ,
       9204.495 ], dtype=float32)]",0.06562193,0.318711788598478,16.1825951367222,1237652944786096266,0h01m16.4904s +16d10m57.3924s
107,"[array([195.36946 , 183.60057 , 169.62085 , ..., 106.95181 , 110.176445,
       103.174706], dtype=float32)]","[array([3797.519 , 3798.3948, 3799.2686, ..., 9191.785 , 9193.905 ,
       9196.0205], dtype=float32)]",-6.939461e-06,0.346660961124599,0.984496301118586,1237663278464761924,0h01m23.2174s +0d59m04.596s
108,"[array([10.36736 , 12.023801, 13.679271, ..., 16.0486  , 16.30255 ,
       14.994813], dtype=float32)]","[array([3793.15  , 3794.0225, 3794.8972, ..., 9193.905 , 9196.0205,
       9198.141 ], dtype=float32)]",0.08204923,0.351401181449091,0.730392092670839,1237657191979090109,0h01m24.3249s +0d43m49.3377s
109,"[array([ 5.571721 ,  7.3900175, 10.327774 , ...,  6.564045 ,  6.559465 ,
        7.3319154], dtype=float32)]","[array([3809.7805, 3810.659 , 3811.5356, ..., 9208.736 , 9210.8545,
       9212.979 ], dtype=float32)]",0.07456326,0.358171924971089,13.8075934872389,1237656494040088807,0h01m25.9593s +13d48m27.342s
110,"[array([5.498343 , 2.7919033, 5.6138225, ..., 5.152567 , 5.580886 ,
       4.496532 ], dtype=float32)]","[array([3823.8423, 3824.724 , 3825.604 , ..., 9185.439 , 9187.558 ,
       9189.672 ], dtype=float32)]",0.09206659,0.358805316234964,14.0014055393208,1237652942101741775,0h01m26.1149s +14d00m05.13s
111,"[array([ 2.288383 ,  0.6723983, -1.5000548, ..., 13.597353 , 14.847045 ,
       12.8496895], dtype=float32)]","[array([3808.0261, 3808.9043, 3809.7805, ..., 9208.736 , 9210.8545,
       9212.979 ], dtype=float32)]",0.09551325,0.363865802931628,14.190809423006,1237656494576959521,0h01m27.3278s +14d11m26.9088s
112,"[array([-0.06729753,  2.077266  ,  4.6369987 , ..., 10.599841  ,
       11.291664  ,  8.614531  ], dtype=float32)]","[array([3826.4841, 3827.3665, 3828.2468, ..., 9097.037 , 9099.135 ,
       9101.229 ], dtype=float32)]",0.09813292,0.37225595747293,14.7264679710146,1237656495113830623,0h01m29.3439s +14d43m35.3028s
113,"[array([0.27153927, 3.596167  , 4.981118  , ..., 5.1936965 , 8.300336  ,
       9.073753  ], dtype=float32)]","[array([3795.7703, 3796.6455, 3797.519 , ..., 9193.905 , 9196.0205,
       9198.141 ], dtype=float32)]",0.06066351,0.374778481892974,1.04783979654321,1237663278464827468,0h01m29.97s +1d02m52.499s
114,"[array([12.028686 , 12.612549 , 14.853984 , ..., 17.247353 , 16.09574  ,
       15.8122015], dtype=float32)]","[array([3795.7703, 3796.6455, 3797.519 , ..., 9193.905 , 9196.0205,
       9198.141 ], dtype=float32)]",0.08823861,0.377105747825681,0.658292272400845,1237657191979090133,0h01m30.5018s +0d39m29.8972s
115,"[array([10.941676, 12.795427, 14.649065, ..., 21.51633 , 21.732857,
       21.095413], dtype=float32)]","[array([3801.0188, 3801.8933, 3802.77  , ..., 9202.379 , 9204.495 ,
       9206.613 ], dtype=float32)]",0.04191076,0.380926671241468,14.407453593917,1237652942638612625,0h01m31.425s +14d24m26.8884s
116,"[array([18.562298 ,  5.7382755,  3.3578546, ...,  8.179985 , 10.215641 ,
       10.899179 ], dtype=float32)]","[array([3795.7703, 3796.6455, 3797.519 , ..., 9191.785 , 9193.905 ,
       9196.0205], dtype=float32)]",0.06117163,0.381784677088831,1.09741955497465,1237657192515961030,0h01m31.6253s +1d05m50.6537s
117,"[array([ 2.604515,  8.886686,  9.633487, ..., 35.593197, 36.15703 ,
       37.62393 ], dtype=float32)]","[array([3822.0815, 3822.963 , 3823.8423, ..., 9185.439 , 9187.558 ,
       9189.672 ], dtype=float32)]",0.09211311,0.384368434024736,14.1855298818821,1237656494576959649,0h01m32.2509s +14d11m07.9116s
118,"[array([147.87071 , 154.55812 , 101.58033 , ...,   9.122375,   8.324342,
         9.464685], dtype=float32)]","[array([3808.0261, 3808.9043, 3809.7805, ..., 9202.379 , 9204.495 ,
       9206.613 ], dtype=float32)]",0.02119148,0.391493133161816,15.0815733234609,1237656495650701475,0h01m33.9606s +15d04m53.6628s
119,"[array([24.959007, 21.52423 , 22.018223, ..., 67.310844, 65.83951 ,
       58.542843], dtype=float32)]","[array([3795.7703, 3796.6455, 3797.519 , ..., 9193.905 , 9196.0205,
       9198.141 ], dtype=float32)]",0.0620074,0.394271306727092,0.274418790816633,1237666408442560692,0h01m34.6205s +0d16m27.9815s
120,"[array([ 4.4222455,  6.6726813,  3.1061854, ..., 21.70495  , 19.351137 ,
       17.148088 ], dtype=float32)]","[array([3800.1426, 3801.0188, 3801.8933, ..., 9200.257 , 9202.379 ,
       9204.495 ], dtype=float32)]",0.09810758,0.398334597964777,14.6593826863217,1237656495113830638,0h01m35.6018s +14d39m33.768s
121,"[array([ 9.111649 ,  7.134514 ,  5.0049515, ..., 37.97575  , 34.598022 ,
       36.05958  ], dtype=float32)]","[array([3795.7703, 3796.6455, 3797.519 , ..., 9193.905 , 9196.0205,
       9198.141 ], dtype=float32)]",0.0610964,0.417544223951609,1.09200832392873,1237657192516026380,0h01m40.2129s +1d05m31.0769s
122,"[array([14.060101 ,  8.237195 , 11.493746 , ...,  5.8930497,  6.299538 ,
        7.1104674], dtype=float32)]","[array([3795.7703, 3796.6455, 3797.519 , ..., 9193.905 , 9196.0205,
       9198.141 ], dtype=float32)]",0.08486205,0.42190718816957,1.01724004603086,1237663278464827495,0h01m41.2675s +1d01m02.4492s
123,"[array([24.450743, 22.044306, 25.251085, ..., 33.998394, 33.507187,
       32.642834], dtype=float32)]","[array([3810.659 , 3811.5356, 3812.4126, ..., 9208.736 , 9210.8545,
       9212.979 ], dtype=float32)]",7.965788e-05,0.431335511790166,13.8697967212987,1237656494040088782,0h01m43.5206s +13d52m11.2944s
124,"[array([ 9.029319, 15.477401, 12.464874, ..., 27.189333, 28.917532,
       27.02587 ], dtype=float32)]","[array([3816.806 , 3817.684 , 3818.5623, ..., 9210.8545, 9212.979 ,
       9215.098 ], dtype=float32)]",0.04593726,0.435061384563085,15.204203188037,1237652943712354560,0h01m44.4155s +15d12m15.1848s
125,"[array([12.0954685,  5.232091 , 10.275999 , ..., 37.179783 , 39.8899   ,
       39.89881  ], dtype=float32)]","[array([3829.1296, 3830.0105, 3830.8938, ..., 9187.558 , 9189.672 ,
       9191.785 ], dtype=float32)]",0.0913173,0.435699175439481,14.8976472187299,1237652943175483508,0h01m44.5695s +14d53m51.5796s
126,"[array([ 4.5037804,  1.3908178,  8.510489 , ..., 12.261555 , 11.654216 ,
       12.157191 ], dtype=float32)]","[array([3810.659 , 3811.5356, 3812.4126, ..., 9200.257 , 9202.379 ,
       9204.495 ], dtype=float32)]",0.06361007,0.439268829427419,15.9678625600894,1237656496724443357,0h01m45.4229s +15d58m04.2528s
127,"[array([2.170974 , 4.8664255, 7.5602627, ..., 8.599497 , 5.6108623,
       9.606957 ], dtype=float32)]","[array([3793.15  , 3794.0225, 3794.8972, ..., 9193.905 , 9196.0205,
       9198.141 ], dtype=float32)]",0.0423171,0.443430922563493,0.750468941216377,1237657191979155550,0h01m46.4267s +0d45m01.6348s
128,"[array([ 6.208283 ,  8.47947  , 11.905972 , ...,  6.774757 ,  8.948894 ,
        7.9829044], dtype=float32)]","[array([3822.0815, 3822.963 , 3823.8423, ..., 9187.558 , 9189.672 ,
       9191.785 ], dtype=float32)]",0.09223466,0.446162182843182,14.3477547780947,1237652942638612688,0h01m47.0805s +14d20m51.9432s
129,"[array([ 5.6184773, 10.74873  , 15.809229 , ..., 19.513588 , 19.007917 ,
       18.588385 ], dtype=float32)]","[array([3800.1426, 3801.0188, 3801.8933, ..., 9200.257 , 9202.379 ,
       9204.495 ], dtype=float32)]",0.03995848,0.456354012333065,14.4396893658844,1237652942638612710,0h01m49.5254s +14d26m22.938s
130,"[array([14.7721195, 25.56756  , 18.603807 , ..., 62.753    , 63.71619  ,
       58.58133  ], dtype=float32)]","[array([3794.8972, 3795.7703, 3796.6455, ..., 9193.905 , 9196.0205,
       9198.141 ], dtype=float32)]",0.06106723,0.456527579307249,0.566925986156853,1237663277927956655,0h01m49.5749s +0d34m01.2664s
131,"[array([ 9.459681,  7.971315, 10.432649, ..., 40.631298, 45.35826 ,
       41.27225 ], dtype=float32)]","[array([3796.6455, 3797.519 , 3798.3948, ..., 9191.785 , 9193.905 ,
       9196.0205], dtype=float32)]",0.08615461,0.459657674382925,1.0319948296718,1237663278464827514,0h01m50.3366s +1d01m55.4174s
132,"[array([6.352796 , 5.4967165, 1.1962811, ..., 8.850128 , 8.8178005,
       7.800967 ], dtype=float32)]","[array([3806.2727, 3807.1504, 3808.0261, ..., 9202.379 , 9204.495 ,
       9206.613 ], dtype=float32)]",0.09440286,0.461951592240723,15.2550257115748,1237652943712354569,0h01m50.8692s +15d15m18.1224s
133,"[array([ 7.0839067,  3.5828214,  5.3286686, ...,  9.08233  , 10.014344 ,
        9.878184 ], dtype=float32)]","[array([3809.7805, 3810.659 , 3811.5356, ..., 9200.257 , 9202.379 ,
       9204.495 ], dtype=float32)]",0.04254651,0.473766008604684,16.1376338631502,1237652944786161825,0h01m53.7003s +16d08m15.234s
134,"[array([-1.6369876,  4.9131293,  4.277636 , ...,  5.8371983,  4.739053 ,
        5.639382 ], dtype=float32)]","[array([3800.1426, 3801.0188, 3801.8933, ..., 9200.257 , 9202.379 ,
       9204.495 ], dtype=float32)]",0.09368037,0.479496917462257,14.8524383528706,1237652943175483588,0h01m55.0803s +14d51m08.82s
135,"[array([ 4.036331,  7.406964,  1.12512 , ..., 16.473671, 17.3518  ,
       17.630144], dtype=float32)]","[array([3796.6455, 3797.519 , 3798.3948, ..., 9191.785 , 9193.905 ,
       9196.0205], dtype=float32)]",0.0787275,0.480176956612931,0.0477655228871762,1237663784197619862,0h01m55.2587s +0d02m52.0542s
136,"[array([ 1.0727175,  6.210635 ,  3.6636965, ..., 11.549739 , 12.011979 ,
       11.939181 ], dtype=float32)]","[array([3794.8972, 3795.7703, 3796.6455, ..., 9193.905 , 9196.0205,
       9198.141 ], dtype=float32)]",0.08829415,0.480881685586183,0.546279054481804,1237663277927956694,0h01m55.428s +0d32m46.8417s
137,"[array([ 8.325132 ,  8.731425 ,  4.8593364, ..., 19.505508 , 21.742138 ,
       22.090525 ], dtype=float32)]","[array([3795.7703, 3796.6455, 3797.519 , ..., 9191.785 , 9193.905 ,
       9196.0205], dtype=float32)]",0.09944327,0.486809130066433,1.15687161870704,1237657192516026516,0h01m56.8377s +1d09m24.6834s
138,"[array([27.081701, 24.698956, 20.043982, ..., 58.3858  , 55.780502,
       57.865944], dtype=float32)]","[array([3815.0483, 3815.926 , 3816.806 , ..., 9187.558 , 9189.672 ,
       9191.785 ], dtype=float32)]",0.03571535,0.503440061085257,15.0256292212286,1237656495650767088,0h02m00.8246s +15d01m32.1924s
139,"[array([-1.079919 ,  2.8424983,  1.8016473, ...,  6.736598 ,  1.9588948,
        3.6895928], dtype=float32)]","[array([3794.8972, 3795.7703, 3796.6455, ..., 9193.905 , 9196.0205,
       9198.141 ], dtype=float32)]",0.0992173,0.513043696938922,0.607910627369505,1237663277927956712,0h02m03.1524s +0d36m28.7485s
140,"[array([ 4.2807717,  8.9516115,  9.483279 , ..., 30.360165 , 31.586782 ,
       30.988049 ], dtype=float32)]","[array([3810.659 , 3811.5356, 3812.4126, ..., 9210.8545, 9212.979 ,
       9215.098 ], dtype=float32)]",0.07920647,0.515061828902958,0.63188084772545,1237657191979155616,0h02m03.621s +0d37m54.8525s
141,"[array([ 2.2799141,  0.6343108,  3.532475 , ..., 19.488039 , 18.307388 ,
       17.415329 ], dtype=float32)]","[array([3808.0261, 3808.9043, 3809.7805, ..., 9208.736 , 9210.8545,
       9212.979 ], dtype=float32)]",0.09520221,0.515455751063882,13.7475818598677,1237656494040154252,0h02m03.7043s +13d44m51.2556s
142,"[array([14.057292,  5.981871, 12.516634, ..., 11.284749, 12.882669,
       11.414304], dtype=float32)]","[array([3806.2727, 3807.1504, 3808.0261, ..., 9202.379 , 9204.495 ,
       9206.613 ], dtype=float32)]",0.08726923,0.534599894299276,15.4496389353835,1237656496187638078,0h02m08.3048s +15d26m58.6428s
143,"[array([ 6.8294897 ,  4.2946086 ,  0.97570115, ..., 18.083984  ,
       16.170494  , 17.837868  ], dtype=float32)]","[array([3798.3948, 3799.2686, 3800.1426, ..., 9191.785 , 9193.905 ,
       9196.0205], dtype=float32)]",0.09172464,0.53798011088324,0.553238375628679,1237663277928022214,0h02m09.1216s +0d33m11.7745s
144,"[array([21.027218, 21.995312, 23.481955, ..., 65.65994 , 65.23809 ,
       63.95408 ], dtype=float32)]","[array([3817.684 , 3818.5623, 3819.4429, ..., 9208.736 , 9210.8545,
       9212.979 ], dtype=float32)]",0.04200882,0.542471664253924,14.1362214354539,1237656494577025171,0h02m10.1928s +14d08m10.3344s
145,"[array([ 9.09985  ,  5.393468 ,  6.5027905, ...,  9.845782 ,  9.219907 ,
       10.1236315], dtype=float32)]","[array([3796.6455, 3797.519 , 3798.3948, ..., 9196.0205, 9198.141 ,
       9200.257 ], dtype=float32)]",0.08910637,0.552377311362518,0.00473424674827022,1237663784197619922,0h02m12.5719s +0d00m17.0709s
146,"[array([-0.07244128, -0.20601694,  2.7558458 , ...,  2.2278879 ,
        3.7015433 ,  1.9259454 ], dtype=float32)]","[array([3800.1426, 3801.0188, 3801.8933, ..., 9200.257 , 9202.379 ,
       9204.495 ], dtype=float32)]",0.01711621,0.561558132805487,14.48774635624,1237652942638678545,0h02m14.774s +14d29m15.8892s
147,"[array([2.1275864, 8.377033 , 5.9813056, ..., 2.5990436, 2.151475 ,
       1.0406854], dtype=float32)]","[array([3805.3972, 3806.2727, 3807.1504, ..., 9208.736 , 9210.8545,
       9212.979 ], dtype=float32)]",0.08318014,0.566357575451491,14.6718077623842,1237656495113896207,0h02m15.926s +14d40m18.4764s
148,"[array([ 6.2727203,  8.693464 ,  2.9532843, ..., 17.872437 , 20.810787 ,
       17.187466 ], dtype=float32)]","[array([3808.9043, 3809.7805, 3810.659 , ..., 9210.8545, 9212.979 ,
       9215.098 ], dtype=float32)]",0.07988752,0.568429466205544,0.434658078870284,1237663277928022240,0h02m16.4244s +0d26m04.9131s
149,"[array([ 9.445682,  9.089482,  6.225256, ..., 21.212454, 20.6254  ,
       20.720667], dtype=float32)]","[array([3804.522 , 3805.3972, 3806.2727, ..., 9189.672 , 9191.785 ,
       9193.905 ], dtype=float32)]",0.0945647,0.57042564700933,0.90932996402445,1237663278464893021,0h02m16.9107s +0d54m33.6333s
150,"[array([ 9.559379 , 14.471828 ,  6.8546815, ...,  3.905698 ,  4.626419 ,
        5.22461  ], dtype=float32)]","[array([3796.6455, 3797.519 , 3798.3948, ..., 9196.0205, 9198.141 ,
       9200.257 ], dtype=float32)]",0.0003266232,0.578198218110163,0.136432505198147,1237663784197619937,0h02m18.7694s +0d08m11.1531s
151,"[array([ 8.596592 , 13.335362 ,  7.6521325, ...,  8.450299 ,  7.3869147,
        9.673518 ], dtype=float32)]","[array([3802.77  , 3803.6448, 3804.522 , ..., 9189.672 , 9191.785 ,
       9193.905 ], dtype=float32)]",0.06524065,0.588431981588428,0.937230362327228,1237663278464893025,0h02m21.2364s +0d56m14.1242s
152,"[array([ 9.71905 ,  5.689501,  6.80553 , ..., 16.39174 , 15.792848,
       13.844351], dtype=float32)]","[array([3810.659 , 3811.5356, 3812.4126, ..., 9210.8545, 9212.979 ,
       9215.098 ], dtype=float32)]",0.04259617,0.591811835883107,15.4197538159541,1237656496187638125,0h02m22.035s +15d25m11.0928s
153,"[array([ 2.16157  ,  4.3012843,  7.5881186, ..., 20.192928 , 18.538177 ,
       17.25382  ], dtype=float32)]","[array([3799.2686, 3800.1426, 3801.0188, ..., 9191.785 , 9193.905 ,
       9196.0205], dtype=float32)]",0.0877151,0.593098812625556,0.661107532510314,1237657191979221113,0h02m22.3498s +0d39m39.9029s
154,"[array([11.385596,  8.040485,  9.343155, ..., 25.41102 , 25.133698,
       25.43135 ], dtype=float32)]","[array([3806.2727, 3807.1504, 3808.0261, ..., 9202.379 , 9204.495 ,
       9206.613 ], dtype=float32)]",0.07855462,0.596568561183119,15.1164119304554,1237656495650766965,0h02m23.178s +15d06m59.0976s
155,"[array([ 9.087199 ,  6.8300214,  7.962844 , ..., 19.862093 , 15.83875  ,
       16.98778  ], dtype=float32)]","[array([3799.2686, 3800.1426, 3801.0188, ..., 9191.785 , 9193.905 ,
       9196.0205], dtype=float32)]",0.0796163,0.602736889952354,0.535152918695549,1237663277928022281,0h02m24.6596s +0d32m06.5498s
156,"[array([ 2.478762 ,  1.2038003,  5.125323 , ..., 20.410313 , 22.737164 ,
       21.87685  ], dtype=float32)]","[array([3810.659 , 3811.5356, 3812.4126, ..., 9200.257 , 9202.379 ,
       9204.495 ], dtype=float32)]",0.09544651,0.613692088573941,16.0784836753888,1237652944786161910,0h02m27.2794s +16d04m42.546s
157,"[array([4.9180784, 2.0994675, 8.536107 , ..., 8.625955 , 7.0636806,
       5.883427 ], dtype=float32)]","[array([3815.0483, 3815.926 , 3816.806 , ..., 9208.736 , 9210.8545,
       9212.979 ], dtype=float32)]",0.08900203,0.616943701024356,0.13954725408482,1237663784197685320,0h02m28.0676s +0d08m22.3449s
158,"[array([ 9.997967 ,  5.817802 , 11.282661 , ..., 12.058504 ,  9.832472 ,
        7.2021623], dtype=float32)]","[array([3819.4429, 3820.3215, 3821.2024, ..., 9208.736 , 9210.8545,
       9212.979 ], dtype=float32)]",0.09271745,0.64011088074966,14.0826414341199,1237652942101807385,0h02m33.6251s +14d04m57.5256s
159,"[array([ 9.882759,  7.164794,  7.844572, ..., 18.30272 , 18.645039,
       17.716753], dtype=float32)]","[array([3816.806 , 3817.684 , 3818.5623, ..., 9208.736 , 9210.8545,
       9212.979 ], dtype=float32)]",0.09858798,0.64348550155546,13.9669163524163,1237652942101807391,0h02m34.4359s +13d58m00.9228s
160,"[array([ 6.865349 , 10.397408 ,  8.403162 , ...,  2.9947305,  6.6240687,
       10.253598 ], dtype=float32)]","[array([3817.684 , 3818.5623, 3819.4429, ..., 9215.098 , 9217.223 ,
       9219.343 ], dtype=float32)]",0.0001369876,0.643814060274167,0.843966850017654,1237663278464893060,0h02m34.5083s +0d50m38.1922s
161,"[array([ 9.105238, 13.471209, 16.866024, ..., 29.020353, 30.221386,
       29.10121 ], dtype=float32)]","[array([3799.2686, 3800.1426, 3801.0188, ..., 9191.785 , 9193.905 ,
       9196.0205], dtype=float32)]",0.08754963,0.650847626321649,0.421188497818001,1237663277928022319,0h02m36.2075s +0d25m16.2601s
162,"[array([ 5.2408133,  9.796531 ,  7.6814876, ..., 19.30669  , 20.376091 ,
       18.58323  ], dtype=float32)]","[array([3800.1426, 3801.0188, 3801.8933, ..., 9191.785 , 9193.905 ,
       9196.0205], dtype=float32)]",0.07874412,0.651509394343321,0.49572005179305,1237663277928022325,0h02m36.3647s +0d29m44.503s
163,"[array([ 5.879139,  7.696038,  5.703169, ..., 24.663994, 24.237535,
       25.41495 ], dtype=float32)]","[array([3805.3972, 3806.2727, 3807.1504, ..., 9208.736 , 9210.8545,
       9212.979 ], dtype=float32)]",0.09335753,0.659840520572061,14.6468970389514,1237656495113961658,0h02m38.3628s +14d38m48.8364s
164,"[array([ 4.589963 ,  6.9733405,  6.433713 , ..., 28.738827 , 28.849604 ,
       29.758226 ], dtype=float32)]","[array([3798.3948, 3799.2686, 3800.1426, ..., 9191.785 , 9193.905 ,
       9196.0205], dtype=float32)]",0.08778825,0.661256900268199,0.386071100494447,1237663543696294016,0h02m38.7103s +0d23m09.8853s
165,"[array([14.027187 ,  9.56549  ,  7.2783737, ..., 13.753957 , 13.77252  ,
       14.826942 ], dtype=float32)]","[array([3802.77  , 3803.6448, 3804.522 , ..., 9189.672 , 9191.785 ,
       9193.905 ], dtype=float32)]",0.08063873,0.665202689216017,0.942698470731723,1237663278464893072,0h02m39.6508s +0d56m33.5828s
166,"[array([10.898753, 10.118696,  8.045631, ..., 24.788609, 22.528107,
       23.314535], dtype=float32)]","[array([3801.0188, 3801.8933, 3802.77  , ..., 9189.672 , 9191.785 ,
       9193.905 ], dtype=float32)]",0.08686955,0.666241945721737,1.01130845122894,1237663278464893081,0h02m39.9002s +1d00m40.5742s
167,"[array([10.954509, 13.178354, 10.701238, ..., 49.105644, 49.941166,
       49.498936], dtype=float32)]","[array([3819.4429, 3820.3215, 3821.2024, ..., 9185.439 , 9187.558 ,
       9189.672 ], dtype=float32)]",0.09220217,0.670289465435758,13.959446278022,1237652942101872852,0h02m40.8694s +13d57m34.0524s
168,"[array([-1.4417279,  2.6127906,  2.329147 , ...,  3.9339743,  4.9112544,
        4.772868 ], dtype=float32)]","[array([3796.6455, 3797.519 , 3798.3948, ..., 9196.0205, 9198.141 ,
       9200.257 ], dtype=float32)]",0.09002297,0.671700992193653,0.0832670881393039,1237663784197685356,0h02m41.2178s +0d04m59.6108s
169,"[array([2.3267477, 1.6997342, 3.800407 , ..., 1.9345604, 5.484711 ,
       4.283433 ], dtype=float32)]","[array([3823.8423, 3824.724 , 3825.604 , ..., 9185.439 , 9187.558 ,
       9189.672 ], dtype=float32)]",0.06827621,0.673689376799928,14.0282069340678,1237652942101872940,0h02m41.6897s +14d01m41.6172s
170,"[array([ 6.923414 , 11.64266  , 11.329531 , ...,  6.4954343,  6.609933 ,
        6.7814455], dtype=float32)]","[array([3801.0188, 3801.8933, 3802.77  , ..., 9189.672 , 9191.785 ,
       9193.905 ], dtype=float32)]",0.0535991,0.67752210005051,1.05030394701621,1237663278464958557,0h02m42.5991s +1d03m00.7402s
171,"[array([ 5.923589, 10.355368, 12.516034, ..., 31.692348, 32.756306,
       31.777739], dtype=float32)]","[array([3800.1426, 3801.0188, 3801.8933, ..., 9191.785 , 9193.905 ,
       9196.0205], dtype=float32)]",0.07833506,0.679527351824845,0.572001014543918,1237663277928087653,0h02m43.087s +0d34m19.0654s
172,"[array([10.532388 , 10.742805 ,  3.0420225, ..., 29.553797 , 28.906084 ,
       29.815044 ], dtype=float32)]","[array([3800.1426, 3801.0188, 3801.8933, ..., 9191.785 , 9193.905 ,
       9196.0205], dtype=float32)]",0.06078,0.703676292237759,0.476156647499898,1237663277928087672,0h02m48.8851s +0d28m34.0515s
173,"[array([11.18583  , 11.536343 ,  3.9633532, ..., 36.721767 , 29.994715 ,
       35.331566 ], dtype=float32)]","[array([3812.4126, 3813.2917, 3814.169 , ..., 9210.8545, 9212.979 ,
       9215.098 ], dtype=float32)]",0.08675396,0.704454606895638,0.751343120380639,1237657191979286606,0h02m49.0669s +0d45m04.8063s
174,"[array([10.56266  , 10.9231825,  9.703308 , ..., 39.4613   , 38.93087  ,
       40.104664 ], dtype=float32)]","[array([3826.4841, 3827.3665, 3828.2468, ..., 9210.8545, 9212.979 ,
       9215.098 ], dtype=float32)]",0.09553292,0.713498191645272,16.0730649533915,1237652944786227457,0h02m51.2365s +16d04m22.9404s
175,"[array([-0.4436144,  5.521607 ,  8.524467 , ...,  2.804998 ,  4.872325 ,
        5.52565  ], dtype=float32)]","[array([3821.2024, 3822.0815, 3822.963 , ..., 9198.141 , 9200.257 ,
       9202.379 ], dtype=float32)]",0.06847341,0.714905766021616,15.6548350679584,1237652944249356448,0h02m51.5767s +15d39m17.3664s
176,"[array([ 9.324538,  5.770299,  5.718976, ..., 22.187067, 22.562592,
       22.959356], dtype=float32)]","[array([3799.2686, 3800.1426, 3801.0188, ..., 9191.785 , 9193.905 ,
       9196.0205], dtype=float32)]",0.0798583,0.71552268207671,0.429349976389351,1237663277928087682,0h02m51.7239s +0d25m45.6987s
177,"[array([ 4.8925724,  3.8640962,  9.343794 , ..., 16.85787  , 17.46393  ,
       18.661036 ], dtype=float32)]","[array([3816.806 , 3817.684 , 3818.5623, ..., 9198.141 , 9200.257 ,
       9202.379 ], dtype=float32)]",0.08601963,0.716510388866368,16.0539411986973,1237652944786227462,0h02m51.9603s +16d03m14.1444s
178,"[array([ 1.7998755,  2.992714 ,  5.855416 , ..., 14.853523 , 13.509858 ,
       12.534477 ], dtype=float32)]","[array([3798.3948, 3799.2686, 3800.1426, ..., 9191.785 , 9193.905 ,
       9196.0205], dtype=float32)]",0.08679329,0.71707839999965,0.65956362844833,1237657191979286634,0h02m52.1019s +0d39m34.5037s
179,"[array([ 5.6983933,  9.476671 ,  7.9326153, ...,  9.547991 , 10.2134   ,
        9.852259 ], dtype=float32)]","[array([3801.8933, 3802.77  , 3803.6448, ..., 9189.672 , 9191.785 ,
       9193.905 ], dtype=float32)]",0.08063889,0.718107054129064,1.11709699158371,1237657192516157525,0h02m52.3517s +1d07m01.4898s
180,"[array([11.837595,  9.904905,  9.628463, ..., 26.544725, 28.601736,
       29.487827], dtype=float32)]","[array([3800.1426, 3801.0188, 3801.8933, ..., 9200.257 , 9202.379 ,
       9204.495 ], dtype=float32)]",0.07905463,0.719565859001561,0.00833499843247365,1237663784197685399,0h02m52.691s +0d00m29.9676s
181,"[array([8.998323 , 0.5387434, 5.5529118, ..., 3.4343996, 3.5250378,
       3.704509 ], dtype=float32)]","[array([3802.77  , 3803.6448, 3804.522 , ..., 9189.672 , 9191.785 ,
       9193.905 ], dtype=float32)]",0.05381299,0.721674049077819,0.947130381841892,1237663278464958674,0h02m53.2072s +0d56m49.751s
182,"[array([ 7.349878 , 10.530322 ,  6.8060412, ...,  6.761289 ,  2.6722744,
        4.167826 ], dtype=float32)]","[array([3815.0483, 3815.926 , 3816.806 , ..., 9185.439 , 9187.558 ,
       9189.672 ], dtype=float32)]",0.01920524,0.729624311421617,14.3600134077535,1237652942638743710,0h02m55.1158s +14d21m35.964s
183,"[array([ 7.743295,  9.437667, 12.360254, ..., 22.588993, 22.291597,
       23.351797], dtype=float32)]","[array([3803.6448, 3804.522 , 3805.3972, ..., 9189.672 , 9191.785 ,
       9193.905 ], dtype=float32)]",0.08685415,0.735953946184338,0.772641621734578,1237657191979286656,0h02m56.6307s +0d46m21.4889s
184,"[array([-0.8110756, -1.087903 ,  2.4309537, ..., 27.207954 , 25.443344 ,
       28.957064 ], dtype=float32)]","[array([3798.3948, 3799.2686, 3800.1426, ..., 9191.785 , 9193.905 ,
       9196.0205], dtype=float32)]",0.0001399172,0.736066444576608,0.587422063841407,1237663277928087700,0h02m56.6571s +0d35m14.6205s
185,"[array([ 4.023783 ,  8.5837145,  6.4903054, ..., 28.408016 , 32.552853 ,
       25.560472 ], dtype=float32)]","[array([3816.806 , 3817.684 , 3818.5623, ..., 9208.736 , 9210.8545,
       9212.979 ], dtype=float32)]",0.0916338,0.741061342326873,14.1639360611485,1237656494577090707,0h02m57.8531s +14d09m50.238s
186,"[array([1.2860253, 5.5528765, 2.303099 , ..., 5.089699 , 8.972718 ,
       8.262401 ], dtype=float32)]","[array([3806.2727, 3807.1504, 3808.0261, ..., 9208.736 , 9210.8545,
       9212.979 ], dtype=float32)]",0.09165733,0.742076936391413,14.3065208381401,1237656494577090715,0h02m58.0961s +14d18m23.5692s
187,"[array([23.020718, 26.120258, 26.820646, ..., 30.431171, 33.303112,
       34.248775], dtype=float32)]","[array([3800.1426, 3801.0188, 3801.8933, ..., 9200.257 , 9202.379 ,
       9204.495 ], dtype=float32)]",0.08970538,0.744118857726519,0.142023340719922,1237663784197685304,0h02m58.5852s +0d08m31.0336s
188,"[array([ 9.189816 , 11.083267 ,  7.0256157, ..., 16.769043 , 19.595083 ,
       15.250029 ], dtype=float32)]","[array([3801.0188, 3801.8933, 3802.77  , ..., 9191.785 , 9193.905 ,
       9196.0205], dtype=float32)]",0.06220733,0.747598792861936,0.304329828087774,1237663543696294077,0h02m59.4184s +0d18m15.6096s
189,"[array([ 6.1696053, -0.7467215,  1.9951442, ...,  8.310795 , 10.979258 ,
       10.029506 ], dtype=float32)]","[array([3825.604 , 3826.4841, 3827.3665, ..., 9183.327 , 9185.439 ,
       9187.558 ], dtype=float32)]",0.08943391,0.75495975389215,0.0607554322543646,1237663784197750801,0h03m01.1815s +0d03m38.5672s
190,"[array([ 8.998785, 13.343909, 14.26049 , ..., 17.569916, 19.167843,
       17.07816 ], dtype=float32)]","[array([3816.806 , 3817.684 , 3818.5623, ..., 9200.257 , 9202.379 ,
       9204.495 ], dtype=float32)]",0.07907759,0.756923439517095,15.6750168760895,1237652944249356499,0h03m01.6613s +15d40m30.0324s
191,"[array([ 3.0656488,  5.236706 , -1.0702244, ...,  6.944198 ,  7.3648868,
        5.758551 ], dtype=float32)]","[array([3822.0815, 3822.963 , 3823.8423, ..., 9210.8545, 9212.979 ,
       9215.098 ], dtype=float32)]",0.09547561,0.760859966814621,16.1253322613058,1237652944786227497,0h03m02.6043s +16d07m31.1736s
192,"[array([3.1401694, 8.6839285, 1.132039 , ..., 9.147818 , 7.540358 ,
       6.7608404], dtype=float32)]","[array([3818.5623, 3819.4429, 3820.3215, ..., 9208.736 , 9210.8545,
       9212.979 ], dtype=float32)]",0.09454049,0.769942360403945,13.8633370249233,1237656494040219851,0h03m04.786s +13d51m48.1176s
193,"[array([14.09087  ,  6.8296933,  4.764172 , ..., 30.59042  , 32.441914 ,
       33.582443 ], dtype=float32)]","[array([3819.4429, 3820.3215, 3821.2024, ..., 9198.141 , 9200.257 ,
       9202.379 ], dtype=float32)]",0.08560808,0.777439487524703,15.9235489188957,1237656496724639888,0h03m06.5848s +15d55m24.9672s
194,"[array([ 4.3664517 ,  2.7470016 , -0.25855702, ...,  4.3382483 ,
        5.088071  ,  5.6181736 ], dtype=float32)]","[array([3818.5623, 3819.4429, 3820.3215, ..., 9200.257 , 9202.379 ,
       9204.495 ], dtype=float32)]",0.08558782,0.783901746613992,15.9770158097374,1237656496724640069,0h03m08.1335s +15d58m37.4196s
195,"[array([ 1.3437413,  6.4643383,  1.5905361, ..., 23.732193 , 24.164934 ,
       24.480406 ], dtype=float32)]","[array([3818.5623, 3819.4429, 3820.3215, ..., 9185.439 , 9187.558 ,
       9189.672 ], dtype=float32)]",0.09430319,0.795956908197638,13.7776327221374,1237656494040219864,0h03m11.0287s +13d46m39.5904s
196,"[array([ 18.81578 ,  19.028023,  22.680494, ..., 102.55525 , 102.27546 ,
       103.11917 ], dtype=float32)]","[array([3817.684 , 3818.5623, 3819.4429, ..., 9200.257 , 9202.379 ,
       9204.495 ], dtype=float32)]",0.03742106,0.796950878327266,15.965710908636,1237656496724639763,0h03m11.2652s +15d57m56.736s
197,"[array([11.668136, 12.683669, 10.343666, ..., 18.826324, 14.966179,
       17.407068], dtype=float32)]","[array([3822.963 , 3823.8423, 3824.724 , ..., 9185.439 , 9187.558 ,
       9189.672 ], dtype=float32)]",0.05747081,0.80021244555337,13.9097939060364,1237656494040285319,0h03m12.0522s +13d54m35.46s
198,"[array([ 8.4059105, 12.865892 ,  7.5248666, ..., 14.895802 , 13.196071 ,
       14.811197 ], dtype=float32)]","[array([3801.8933, 3802.77  , 3803.6448, ..., 9189.672 , 9191.785 ,
       9193.905 ], dtype=float32)]",0.09975667,0.812443825136256,1.10068199572147,1237657192516157603,0h03m14.9549s +1d06m02.3011s
199,"[array([ 20.867758,  27.798887,  26.491785, ..., 308.15616 , 310.2299  ,
       305.50357 ], dtype=float32)]","[array([3825.604 , 3826.4841, 3827.3665, ..., 9210.8545, 9212.979 ,
       9215.098 ], dtype=float32)]",0.003532906,0.812460440749931,16.1456992019514,1237652944786292741,0h03m15.0248s +16d08m44.3868s
200,"[array([6.83807  , 8.356776 , 9.373189 , ..., 8.423722 , 6.2607746,
       6.1164403], dtype=float32)]","[array([3822.963 , 3823.8423, 3824.724 , ..., 9210.8545, 9212.979 ,
       9215.098 ], dtype=float32)]",0.03711964,0.813559418730051,16.0482899062796,1237652944786292943,0h03m15.254s +16d02m53.8332s
201,"[array([3.8865693 , 1.6325917 , 0.45622423, ..., 4.109281  , 4.5750732 ,
       3.919697  ], dtype=float32)]","[array([3804.522 , 3805.3972, 3806.2727, ..., 9210.8545, 9212.979 ,
       9215.098 ], dtype=float32)]",0.07895846,0.813542272184975,0.279007565867494,1237663543696359545,0h03m15.5163s +0d16m45.3734s
202,"[array([ 4.854565, 10.67459 ,  9.900879, ..., 16.782402, 16.265656,
       15.239126], dtype=float32)]","[array([3813.2917, 3814.169 , 3815.0483, ..., 9200.257 , 9202.379 ,
       9204.495 ], dtype=float32)]",0.06277329,0.823825932907937,15.5241861248751,1237656496187768978,0h03m17.7205s +15d31m27.3144s
203,"[array([ 9.844154, 16.001001,  8.293584, ..., 35.69724 , 36.617935,
       36.353146], dtype=float32)]","[array([3805.3972, 3806.2727, 3807.1504, ..., 9208.736 , 9210.8545,
       9212.979 ], dtype=float32)]",0.04142895,0.836859737232487,14.673308850571,1237656495114027129,0h03m20.8495s +14d40m24.0456s
204,"[array([16.136726, 14.110631, 19.722126, ..., 50.811146, 47.961086,
       50.866154], dtype=float32)]","[array([3810.659 , 3811.5356, 3812.4126, ..., 9189.672 , 9191.785 ,
       9193.905 ], dtype=float32)]",0.07948107,0.843702451048671,1.05788519133246,1237657192516223050,0h03m22.481s +1d03m28.2715s
205,"[array([ 8.4077835,  5.8104415,  2.9290435, ..., 12.932495 , 13.251174 ,
       14.299257 ], dtype=float32)]","[array([3814.169 , 3815.0483, 3815.926 , ..., 9189.672 , 9191.785 ,
       9193.905 ], dtype=float32)]",0.09941396,0.848906941275345,1.09989513776963,1237657192516223074,0h03m23.7366s +1d05m59.5277s
206,"[array([-0.20029572,  4.22943   ,  3.2750134 , ..., 41.322662  ,
       46.253006  , 42.84721   ], dtype=float32)]","[array([3815.0483, 3815.926 , 3816.806 , ..., 9210.8545, 9212.979 ,
       9215.098 ], dtype=float32)]",0.08541801,0.86108698752011,0.93157826589264,1237663278465024156,0h03m26.6573s +0d55m53.6377s
207,"[array([ 3.6345086,  8.184951 ,  7.029108 , ...,  9.878674 , 11.33723  ,
        9.557206 ], dtype=float32)]","[array([3814.169 , 3815.0483, 3815.926 , ..., 9189.672 , 9191.785 ,
       9193.905 ], dtype=float32)]",0.08301658,0.861893024617927,1.08071311665828,1237657192516223085,0h03m26.8531s +1d04m50.4584s
208,"[array([ 8.912958 ,  4.7374225,  5.365925 , ..., 13.298076 , 13.852645 ,
       10.652577 ], dtype=float32)]","[array([3818.5623, 3819.4429, 3820.3215, ..., 9210.8545, 9212.979 ,
       9215.098 ], dtype=float32)]",0.07937828,0.864582857043956,1.09774992936305,1237657192516223089,0h03m27.4896s +1d05m51.8687s
209,"[array([ 0.0983579,  3.0105302,  7.731845 , ..., 25.36249  , 22.68368  ,
       24.25536  ], dtype=float32)]","[array([3811.5356, 3812.4126, 3813.2917, ..., 9189.672 , 9191.785 ,
       9193.905 ], dtype=float32)]",0.0959904,0.868168367020729,0.895796736677547,1237663278465024161,0h03m28.3545s +0d53m44.832s
210,"[array([13.150519 ,  9.8382435, 13.01952  , ..., 15.405659 , 13.2155905,
       13.353829 ], dtype=float32)]","[array([3804.522 , 3805.3972, 3806.2727, ..., 9189.672 , 9191.785 ,
       9193.905 ], dtype=float32)]",0.09987087,0.869711430216796,0.677026938019135,1237657191979352191,0h03m28.7248s +0d40m37.2824s
211,"[array([-0.24000631,  5.5682306 ,  5.759007  , ..., 12.433553  ,
       10.429547  , 11.531602  ], dtype=float32)]","[array([3820.3215, 3821.2024, 3822.0815, ..., 9208.736 , 9210.8545,
       9212.979 ], dtype=float32)]",0.09136705,0.872428958290186,14.008496921618,1237652942101938339,0h03m29.3825s +14d00m30.6288s
212,"[array([ 2.4733646,  6.4154553,  1.1204485, ..., 12.372813 , 13.880465 ,
       13.861344 ], dtype=float32)]","[array([3812.4126, 3813.2917, 3814.169 , ..., 9189.672 , 9191.785 ,
       9193.905 ], dtype=float32)]",0.0941767,0.878777479857376,1.05895942999435,1237657192516223102,0h03m30.8987s +1d03m32.139s
213,"[array([-0.87572265,  2.1302905 , -0.93124866, ..., 11.526296  ,
       13.3352995 , 15.048205  ], dtype=float32)]","[array([3821.2024, 3822.0815, 3822.963 , ..., 9185.439 , 9187.558 ,
       9189.672 ], dtype=float32)]",0.09423746,0.884088052692334,13.961776894607,1237652942101938343,0h03m32.181s +13d57m42.4224s
214,"[array([ 4.849707 ,  5.2686796,  6.3503714, ..., 19.346432 , 19.464844 ,
       21.12492  ], dtype=float32)]","[array([3811.5356, 3812.4126, 3813.2917, ..., 9189.672 , 9191.785 ,
       9193.905 ], dtype=float32)]",0.09542744,0.884455135788073,0.88284137375296,1237663278465024176,0h03m32.263s +0d52m58.2044s
215,"[array([ 6.6691   ,  5.8975096,  2.6184618, ..., 35.635033 , 29.661596 ,
       30.179506 ], dtype=float32)]","[array([3815.0483, 3815.926 , 3816.806 , ..., 9210.8545, 9212.979 ,
       9215.098 ], dtype=float32)]",0.07929854,0.887265216889659,1.08055129231082,1237657192516223108,0h03m32.9456s +1d04m49.8677s
216,"[array([ 6.635234, 10.369943,  6.626597, ..., 11.423176, 10.918371,
       12.732227], dtype=float32)]","[array([3805.3972, 3806.2727, 3807.1504, ..., 9189.672 , 9191.785 ,
       9193.905 ], dtype=float32)]",0.08416532,0.891347167505216,0.614285586696675,1237663277928153290,0h03m33.9173s +0d36m51.3137s
217,"[array([ 4.8009095 ,  0.93931615, -0.15996599, ..., 10.483631  ,
        7.9332104 ,  7.919088  ], dtype=float32)]","[array([3817.684 , 3818.5623, 3819.4429, ..., 9208.736 , 9210.8545,
       9212.979 ], dtype=float32)]",0.09258716,0.894026003267072,14.0280778243521,1237652942101938356,0h03m34.5673s +14d01m41.1024s
218,"[array([10.074468, 11.125489,  9.872591, ..., 11.858374, 12.140235,
       10.884778], dtype=float32)]","[array([3809.7805, 3810.659 , 3811.5356, ..., 9210.8545, 9212.979 ,
       9215.098 ], dtype=float32)]",0.0940496,0.894035862784506,15.1639179082055,1237656495650898060,0h03m34.5719s +15d09m50.2596s
219,"[array([ 6.5632663,  6.3865438,  1.7657999, ..., 19.073427 , 18.269674 ,
       18.2323   ], dtype=float32)]","[array([3814.169 , 3815.0483, 3815.926 , ..., 9189.672 , 9191.785 ,
       9193.905 ], dtype=float32)]",0.07773408,0.895923666039721,1.04583321620655,1237663278465024188,0h03m35.0161s +1d02m44.9552s
220,"[array([ 0.03612214, -0.55756384,  1.1046054 , ..., 14.9367485 ,
       14.852888  , 15.315246  ], dtype=float32)]","[array([3810.659 , 3811.5356, 3812.4126, ..., 9189.672 , 9191.785 ,
       9193.905 ], dtype=float32)]",0.09638791,0.899094764037358,0.909202511844569,1237663278465024200,0h03m35.7765s +0d54m33.0897s
221,"[array([-2.095474 ,  2.35444  ,  2.354017 , ...,  2.9469407,  2.261853 ,
        4.7847095], dtype=float32)]","[array([3810.659 , 3811.5356, 3812.4126, ..., 9210.8545, 9212.979 ,
       9215.098 ], dtype=float32)]",0.09372836,0.902673768130285,15.1791078106928,1237652943712551319,0h03m36.6423s +15d10m44.868s
222,"[array([ 5.1971664,  1.9260601,  9.88139  , ..., 31.550251 , 34.98482  ,
       31.691444 ], dtype=float32)]","[array([3815.0483, 3815.926 , 3816.806 , ..., 9208.736 , 9210.8545,
       9212.979 ], dtype=float32)]",0.07431442,0.90282737886389,14.2427639330776,1237656494577156277,0h03m36.676s +14d14m34.1196s
223,"[array([ 4.3113184,  6.020948 ,  7.924363 , ..., 26.108135 , 21.819765 ,
       23.916595 ], dtype=float32)]","[array([3820.3215, 3821.2024, 3822.0815, ..., 9185.439 , 9187.558 ,
       9189.672 ], dtype=float32)]",0.09229331,0.909648009167995,13.9730677487972,1237652942101938371,0h03m38.3158s +13d58m23.0628s
224,"[array([ 4.5080457,  7.4884973,  7.9039407, ..., 13.630919 , 12.917219 ,
       14.274262 ], dtype=float32)]","[array([3811.5356, 3812.4126, 3813.2917, ..., 9189.672 , 9191.785 ,
       9193.905 ], dtype=float32)]",0.09630851,0.910515373993178,0.886923503043049,1237663278465024210,0h03m38.5186s +0d53m12.8693s
225,"[array([ 2.346716 , -1.6211935,  3.0755467, ..., 22.873869 , 20.30228  ,
       17.32171  ], dtype=float32)]","[array([3814.169 , 3815.0483, 3815.926 , ..., 9208.736 , 9210.8545,
       9212.979 ], dtype=float32)]",2.393984e-05,0.918403488749789,14.2671970009108,1237656494577156358,0h03m40.4164s +14d16m02.082s
226,"[array([0.19631425, 3.3845108 , 4.2944527 , ..., 9.522785  , 6.922765  ,
       8.551532  ], dtype=float32)]","[array([3818.5623, 3819.4429, 3820.3215, ..., 9210.8545, 9212.979 ,
       9215.098 ], dtype=float32)]",0.0809349,0.920815977238874,1.15136501096251,1237657192516223137,0h03m40.9992s +1d09m04.7218s
227,"[array([3.6591365, 3.5546303, 5.4919405, ..., 4.6834464, 4.403903 ,
       4.8531675], dtype=float32)]","[array([3827.3665, 3828.2468, 3829.1296, ..., 9200.257 , 9202.379 ,
       9204.495 ], dtype=float32)]",0.09105727,0.920861432436652,15.1400506180607,1237656495650897994,0h03m41.0099s +15d08m24.3456s
228,"[array([ 6.8642354,  5.0152483,  1.7298106, ..., 20.181198 , 18.978624 ,
       19.19135  ], dtype=float32)]","[array([3813.2917, 3814.169 , 3815.0483, ..., 9206.613 , 9208.736 ,
       9210.8545], dtype=float32)]",0.07241792,0.928867961393962,14.4121745548375,1237652942638809294,0h03m42.9298s +14d24m43.8336s
229,"[array([2.09049  , 2.9436755, 4.2244787, ..., 1.3329315, 3.471007 ,
       2.729488 ], dtype=float32)]","[array([3826.4841, 3827.3665, 3828.2468, ..., 9200.257 , 9202.379 ,
       9204.495 ], dtype=float32)]",0.002926904,0.929661574405088,15.2179754157881,1237652943712551135,0h03m43.121s +15d13m04.6956s
230,"[array([25.84624 , 23.76069 , 25.472925, ..., 34.715332, 33.29788 ,
       32.240913], dtype=float32)]","[array([3824.724 , 3825.604 , 3826.4841, ..., 9210.8545, 9212.979 ,
       9215.098 ], dtype=float32)]",0.02141051,0.934670833803636,16.186872025685,1237652944786358297,0h03m44.3232s +16d11m12.6636s
231,"[array([ 0.96171194,  2.3551903 ,  5.045511  , ..., 14.680518  ,
       14.250152  , 15.546066  ], dtype=float32)]","[array([3807.1504, 3808.0261, 3808.9043, ..., 9189.672 , 9191.785 ,
       9193.905 ], dtype=float32)]",0.09960149,0.935715738382726,0.57471096588996,1237663277928153324,0h03m44.5691s +0d34m28.8998s
232,"[array([ 6.5653477 ,  3.15996   ,  0.67759085, ..., 14.254297  ,
       12.292361  , 13.926983  ], dtype=float32)]","[array([3822.0815, 3822.963 , 3823.8423, ..., 9185.439 , 9187.558 ,
       9189.672 ], dtype=float32)]",0.09151797,0.937474676867566,13.9571335945585,1237652942101938401,0h03m44.9937s +13d57m25.7004s
233,"[array([12.12906 , 18.447855, 11.095031, ..., 33.815216, 33.067272,
       37.315674], dtype=float32)]","[array([3814.169 , 3815.0483, 3815.926 , ..., 9210.8545, 9212.979 ,
       9215.098 ], dtype=float32)]",0.0989072,0.939476846653264,1.04470563802474,1237663278465024245,0h03m45.472s +1d02m40.8858s
234,"[array([4.8890057, 3.963404 , 4.5311866, ..., 3.2283995, 4.356581 ,
       2.847008 ], dtype=float32)]","[array([3822.0815, 3822.963 , 3823.8423, ..., 9208.736 , 9210.8545,
       9212.979 ], dtype=float32)]",0.06109052,0.941698655788343,0.854910639737632,1237663278465024251,0h03m45.9998s +0d51m17.5471s
235,"[array([6.3122654, 9.815876 , 7.81297  , ..., 4.3726482, 8.397563 ,
       6.971939 ], dtype=float32)]","[array([3807.1504, 3808.0261, 3808.9043, ..., 9189.672 , 9191.785 ,
       9193.905 ], dtype=float32)]",0.08611397,0.943580270012751,0.198129605203362,1237663784197816469,0h03m46.4353s +0d11m53.4324s
236,"[array([ 5.792492  ,  1.9656087 , -4.7556276 , ...,  4.3025393 ,
        3.8693657 , -0.09909303], dtype=float32)]","[array([3814.169 , 3815.0483, 3815.926 , ..., 9208.736 , 9210.8545,
       9212.979 ], dtype=float32)]",0.0679715,0.950131362395155,14.3389699401816,1237652942638809311,0h03m48.0325s +14d20m20.292s
237,"[array([ 5.967264 ,  3.3529592, -2.030821 , ...,  4.787379 ,  5.4309607,
        6.893298 ], dtype=float32)]","[array([3806.2727, 3807.1504, 3808.0261, ..., 9189.672 , 9191.785 ,
       9193.905 ], dtype=float32)]",0.09983726,0.951365867984407,0.359590702659217,1237663543696425066,0h03m48.3322s +0d21m34.4527s
238,"[array([ 1.0812958,  3.8530424,  8.703295 , ..., 10.544658 , 10.437284 ,
       13.092604 ], dtype=float32)]","[array([3809.7805, 3810.659 , 3811.5356, ..., 9189.672 , 9191.785 ,
       9193.905 ], dtype=float32)]",0.08042646,0.95325590921081,0.946153972940939,1237663278465024260,0h03m48.7796s +0d56m46.0177s
239,"[array([4.4398885, 1.0107017, 6.210504 , ..., 7.889885 , 6.0582786,
       7.3545465], dtype=float32)]","[array([3822.963 , 3823.8423, 3824.724 , ..., 9200.257 , 9202.379 ,
       9204.495 ], dtype=float32)]",0.07904584,0.954518255721212,15.319693594032,1237652943712616618,0h03m49.0872s +15d19m10.902s
240,"[array([11.414962, 12.77701 ,  8.004972, ..., 19.752974, 20.11031 ,
       19.111212], dtype=float32)]","[array([3810.659 , 3811.5356, 3812.4126, ..., 9189.672 , 9191.785 ,
       9193.905 ], dtype=float32)]",0.07873704,0.95670833645741,0.991512190067374,1237663278465024266,0h03m49.6109s +0d59m29.3276s
241,"[array([  2.2770293 ,  -0.4625663 ,  -0.42454687, ..., 116.42671   ,
       116.03971   , 120.62451   ], dtype=float32)]","[array([3821.2024, 3822.0815, 3822.963 , ..., 9210.8545, 9212.979 ,
       9215.098 ], dtype=float32)]",4.1949e-05,0.969806692062321,16.0594897752904,1237652944786358474,0h03m52.7552s +16d03m34.0956s
242,"[array([10.987544 ,  8.452761 ,  4.9557457, ..., 13.084434 ,  9.958994 ,
       16.618315 ], dtype=float32)]","[array([3813.2917, 3814.169 , 3815.0483, ..., 9164.315 , 9166.424 ,
       9168.537 ], dtype=float32)]",0.07222748,0.973983065755419,14.5672316881953,1237656495114092629,0h03m53.7588s +14d34m02.1252s
243,"[array([10.922374 ,  5.5477443,  2.7244983, ...,  7.089877 ,  8.138969 ,
        5.264221 ], dtype=float32)]","[array([3817.684 , 3818.5623, 3819.4429, ..., 9208.736 , 9210.8545,
       9212.979 ], dtype=float32)]",0.08723072,0.977905798168763,14.197378479766,1237656494577221848,0h03m54.6951s +14d11m50.7084s
244,"[array([ 3.0268662,  3.653018 ,  5.9418406, ..., 30.849573 , 29.737057 ,
       30.148857 ], dtype=float32)]","[array([3806.2727, 3807.1504, 3808.0261, ..., 9189.672 , 9191.785 ,
       9193.905 ], dtype=float32)]",0.09987258,0.982518855308172,0.377547921351993,1237663543696425087,0h03m55.8055s +0d22m39.1609s
245,"[array([1.6130756, 4.622695 , 3.0007362, ..., 5.666043 , 4.679672 ,
       3.8052316], dtype=float32)]","[array([3814.169 , 3815.0483, 3815.926 , ..., 9189.672 , 9191.785 ,
       9193.905 ], dtype=float32)]",0.09449559,0.983117000843663,0.884196806487246,1237663278465089752,0h03m55.9487s +0d53m02.8876s
246,"[array([ 8.99825  , 10.124482 ,  1.7199177, ...,  8.377771 ,  6.627622 ,
        5.4110823], dtype=float32)]","[array([3814.169 , 3815.0483, 3815.926 , ..., 9208.736 , 9210.8545,
       9212.979 ], dtype=float32)]",0.0743168,0.988479218633984,14.4148681517136,1237652942638874670,0h03m57.232s +14d24m53.5392s
247,"[array([11.75482 , 13.605497, 15.351283, ..., 22.46821 , 22.850153,
       25.164822], dtype=float32)]","[array([3809.7805, 3810.659 , 3811.5356, ..., 9210.8545, 9212.979 ,
       9215.098 ], dtype=float32)]",0.08500221,0.988623519527721,0.475581050658789,1237663277928218756,0h03m57.2683s +0d28m32.0767s
248,"[array([4.223692 , 8.786619 , 6.7754374, ..., 7.4461703, 6.387396 ,
       7.424322 ], dtype=float32)]","[array([3810.659 , 3811.5356, 3812.4126, ..., 9187.558 , 9189.672 ,
       9191.785 ], dtype=float32)]",0.04136626,0.995029544049089,13.7245852528131,1237656494040350922,0h03m58.8074s +13d43m28.6788s
249,"[array([ 5.6840806,  3.6918452,  6.193334 , ..., 13.858635 , 13.801456 ,
       13.970545 ], dtype=float32)]","[array([3805.3972, 3806.2727, 3807.1504, ..., 9189.672 , 9191.785 ,
       9193.905 ], dtype=float32)]",0.08692851,0.999227592154313,0.530694682998947,1237663277928218760,0h03m59.814s +0d31m50.4935s
250,"[array([ 4.8347635, 10.219992 , -0.578447 , ..., 19.585516 , 18.807234 ,
       19.040821 ], dtype=float32)]","[array([3815.0483, 3815.926 , 3816.806 , ..., 9210.8545, 9212.979 ,
       9215.098 ], dtype=float32)]",0.09473675,0.999465935636124,1.07277594937447,1237657192516288620,0h03m59.8757s +1d04m21.9191s
251,"[array([ 2.6964421,  3.1776907,  2.8253543, ..., 13.003662 , 10.848558 ,
       14.400231 ], dtype=float32)]","[array([3809.7805, 3810.659 , 3811.5356, ..., 9210.8545, 9212.979 ,
       9215.098 ], dtype=float32)]",0.06298404,1.00034695079088,0.506259048828003,1237663277928218763,0h04m00.0898s +0d30m22.577s
252,"[array([ 4.9832783,  3.3485732,  2.3419702, ..., 12.733859 , 15.415322 ,
       13.857444 ], dtype=float32)]","[array([3816.806 , 3817.684 , 3818.5623, ..., 9187.558 , 9189.672 ,
       9191.785 ], dtype=float32)]",0.09297284,1.00259583675967,14.7037288263034,1237656495114092640,0h04m00.6272s +14d42m13.5072s
253,"[array([15.05797  , 12.475678 ,  7.0466704, ..., 16.518879 , 16.250883 ,
       16.072283 ], dtype=float32)]","[array([3812.4126, 3813.2917, 3814.169 , ..., 9210.8545, 9212.979 ,
       9215.098 ], dtype=float32)]",0.03723044,1.0032997865107,16.0195751466159,1237652944786358511,0h04m00.79s +16d01m10.4484s
254,"[array([12.8445  , 11.980799, 14.006   , ..., 34.405724, 31.631617,
       33.06258 ], dtype=float32)]","[array([3805.3972, 3806.2727, 3807.1504, ..., 9189.672 , 9191.785 ,
       9193.905 ], dtype=float32)]",0.08239747,1.0108827774387,0.476338599253123,1237663277928218788,0h04m02.6161s +0d28m34.8347s
255,"[array([1.4338843, 4.353257 , 7.8271885, ..., 8.494835 , 6.7052608,
       7.014839 ], dtype=float32)]","[array([3810.659 , 3811.5356, 3812.4126, ..., 9187.558 , 9189.672 ,
       9191.785 ], dtype=float32)]",0.07438511,1.01225761081434,13.751462570301,1237656494040350935,0h04m02.9428s +13d45m05.4216s
256,"[array([4.9400115, 5.853032 , 6.027686 , ..., 5.4558682, 2.7337356,
       6.807425 ], dtype=float32)]","[array([3812.4126, 3813.2917, 3814.169 , ..., 9210.8545, 9212.979 ,
       9215.098 ], dtype=float32)]",0.08353761,1.01360558836257,0.64566427445437,1237657191979417741,0h04m03.276s +0d38m44.3611s
257,"[array([18.077288, 11.641609, 13.872362, ..., 33.522625, 32.17123 ,
       33.11717 ], dtype=float32)]","[array([3804.522 , 3805.3972, 3806.2727, ..., 9189.672 , 9191.785 ,
       9193.905 ], dtype=float32)]",0.08571996,1.02672193867156,0.550985206733584,1237663277928218820,0h04m06.4175s +0d33m03.6009s
258,"[array([4.596986 , 5.793772 , 8.807403 , ..., 5.390536 , 2.4060917,
       5.2120576], dtype=float32)]","[array([3815.926, 3816.806, 3817.684, ..., 9187.558, 9189.672, 9191.785],
      dtype=float32)]",0.03810784,1.02941253382767,14.4603524687781,1237652942638874921,0h04m07.0582s +14d27m37.2888s
259,"[array([ 8.326164,  5.597425, 10.898427, ..., 11.858936,  7.35083 ,
       11.240741], dtype=float32)]","[array([3806.2727, 3807.1504, 3808.0261, ..., 9189.672 , 9191.785 ,
       9193.905 ], dtype=float32)]",0.09514718,1.03222297308594,0.736496200949851,1237657191979417764,0h04m07.737s +0d44m11.4237s
260,"[array([ 3.5513282,  5.9821196, 11.824874 , ..., 27.950064 , 28.102377 ,
       28.583101 ], dtype=float32)]","[array([3815.926, 3816.806, 3817.684, ..., 9189.672, 9191.785, 9193.905],
      dtype=float32)]",0.06268065,1.04216967892984,0.67018419982269,1237657191979417767,0h04m10.1324s +0d40m12.6867s
261,"[array([9.539111 , 2.7205043, 6.0729847, ..., 6.981184 , 5.142853 ,
       6.2195077], dtype=float32)]","[array([3819.4429, 3820.3215, 3821.2024, ..., 9189.672 , 9191.785 ,
       9193.905 ], dtype=float32)]",0.08601623,1.0432600542936,0.477945800913599,1237663277928218832,0h04m10.3751s +0d28m40.6428s
262,"[array([ 8.687821  ,  6.538979  , -0.14038953, ..., 13.600905  ,
       13.599328  , 11.919571  ], dtype=float32)]","[array([3811.5356, 3812.4126, 3813.2917, ..., 9187.558 , 9189.672 ,
       9191.785 ], dtype=float32)]",0.09277376,1.05481241508278,13.8515432784232,1237656494040350879,0h04m13.1572s +13d51m05.6664s
263,"[array([15.905985, 10.314399,  9.723016, ..., 39.826157, 42.868275,
       46.0862  ], dtype=float32)]","[array([3812.4126, 3813.2917, 3814.169 , ..., 9189.672 , 9191.785 ,
       9193.905 ], dtype=float32)]",0.09425622,1.05668091570664,0.779578150867738,1237657191979417781,0h04m13.6106s +0d46m46.5696s
264,"[array([ 8.608744, 15.617699, 17.849499, ..., 63.58659 , 57.96348 ,
       55.87296 ], dtype=float32)]","[array([3816.806 , 3817.684 , 3818.5623, ..., 9210.8545, 9212.979 ,
       9215.098 ], dtype=float32)]",0.06069853,1.05770510543911,1.00118488974398,1237663278465089598,0h04m13.8562s +1d00m04.2422s
265,"[array([ 5.4529166,  6.100619 ,  7.2321954, ..., 14.861991 , 15.734667 ,
       16.62931  ], dtype=float32)]","[array([3817.684 , 3818.5623, 3819.4429, ..., 9189.672 , 9191.785 ,
       9193.905 ], dtype=float32)]",0.0850154,1.05985307376963,0.475836486186069,1237663277928218835,0h04m14.3698s +0d28m33.1191s
266,"[array([ 1.0575328, -3.1234071, -4.5192585, ...,  9.23899  ,  4.7142653,
        8.75938  ], dtype=float32)]","[array([3817.684 , 3818.5623, 3819.4429, ..., 9210.8545, 9212.979 ,
       9215.098 ], dtype=float32)]",0.07922406,1.08496834342526,1.12785115319416,1237657192516288676,0h04m20.4063s +1d07m40.1995s
267,"[array([12.4053545, 21.544872 , 20.500248 , ..., 58.95924  , 63.1995   ,
       61.040276 ], dtype=float32)]","[array([3818.5623, 3819.4429, 3820.3215, ..., 9210.8545, 9212.979 ,
       9215.098 ], dtype=float32)]",0.06102486,1.09098653806694,1.08916781333173,1237657192516288566,0h04m21.8359s +1d05m21.0959s
